NAME,COLOR,FEATURE,INCIDENCE_ANGLE,UNITS,L2,R2,L0B,R0B,L1,R1,R0G,L0G,R0R,L0R,L4,L3,R3,L5,R4,R5,L6,R6,L2_ERR,R2_ERR,L0B_ERR,R0B_ERR,L1_ERR,R1_ERR,R0G_ERR,L0G_ERR,R0R_ERR,L0R_ERR,L4_ERR,L3_ERR,R3_ERR,L5_ERR,R4_ERR,R5_ERR,L6_ERR,R6_ERR,LAB_SPECTRUM_TYPE
Actinolite,black,lab spectrum,0,IOF,0.4490636716,0.4490636716,0.5039181134,0.5039181134,0.5346449314,0.5346449314,0.5252453802,0.5252453802,0.4824993209,0.4824993209,0.4740957431,0.5089117933,0.541020001,0.5250570334,0.49310485,0.4545420062,0.3743435805,0.3743435805,0,0,0,0,0,0,0,0,0,0,0,0,0,0,0,0,0,0,Phyllosilicate
Akaganeite,black,lab spectrum,0,IOF,0.0777509297,0.0777509297,0.0777469469,0.0777469469,0.1113190612,0.1113190612,0.1872571415,0.1872571415,0.3554844248,0.3554844248,0.4037114953,0.436146727,0.3853404941,0.3533273365,0.3513459794,0.3530405111,0.3861527042,0.3861527042,0,0,0,0,0,0,0,0,0,0,0,0,0,0,0,0,0,0,Oxide
Alunite,black,lab spectrum,0,IOF,0.7789556536,0.7789556536,0.793061441,0.793061441,0.7995431735,0.7995431735,0.8031270875,0.8031270875,0.8112230752,0.8112230752,0.8133451931,0.8111916947,0.8071856196,0.8091250242,0.8161955995,0.8213265356,0.8256586952,0.8256586952,0,0,0,0,0,0,0,0,0,0,0,0,0,0,0,0,0,0,Sulfate
Analcime,black,lab spectrum,0,IOF,0.8183469929,0.8183469929,0.8415259047,0.8415259047,0.8495269515,0.8495269515,0.8615466532,0.8615466532,0.8797712085,0.8797712085,0.886167808,0.8948689256,0.9118710815,0.91071628,0.9095653677,0.8906458594,0.8883012929,0.8883012929,0,0,0,0,0,0,0,0,0,0,0,0,0,0,0,0,0,0,Hydrated Silicate
Anhydrite,black,lab spectrum,0,IOF,0.8357948627,0.8357948627,0.8401917964,0.8401917964,0.8444321812,0.8444321812,0.8463032008,0.8463032008,0.8483540787,0.8483540787,0.858894868,0.8918193914,0.9100444968,0.9087959009,0.9116998472,0.9045530645,0.902967566,0.902967566,0,0,0,0,0,0,0,0,0,0,0,0,0,0,0,0,0,0,Sulfate
Antarcticite,black,lab spectrum,0,IOF,0.7510202444,0.7510202444,0.7670622251,0.7670622251,0.7659350699,0.7659350699,0.7663134261,0.7663134261,0.7660101184,0.7660101184,0.7670000709,0.7652725511,0.7615933038,0.7651753477,0.7685510976,0.7674601803,0.7417369705,0.7417369705,0,0,0,0,0,0,0,0,0,0,0,0,0,0,0,0,0,0,Chloride
Diopside,black,lab spectrum,0,IOF,0.4594685612,0.4594685612,0.5040896646,0.5040896646,0.53387485,0.53387485,0.5403161594,0.5403161594,0.548389288,0.548389288,0.5415902642,0.5142076198,0.499070678,0.4915421119,0.4584941916,0.4156370763,0.3022316094,0.3022316094,0,0,0,0,0,0,0,0,0,0,0,0,0,0,0,0,0,0,Pyroxene
Basaltic Glass,black,lab spectrum,0,IOF,0.0344059551,0.0344059551,0.0352660336,0.0352660336,0.0356006809,0.0356006809,0.0363597224,0.0363597224,0.0380411263,0.0380411263,0.0380418786,0.0362590491,0.0350104582,0.0332981122,0.032246896,0.0319020204,0.0310830748,0.0310830748,0,0,0,0,0,0,0,0,0,0,0,0,0,0,0,0,0,0,Amorphous
Bassanite,black,lab spectrum,0,IOF,0.7813621747,0.7813621747,0.8168967232,0.8168967232,0.8465583226,0.8465583226,0.8613983653,0.8613983653,0.8975625186,0.8975625186,0.9100064568,0.9203051788,0.9325476819,0.9252371673,0.9243101788,0.9142508821,0.9135431595,0.9135431595,0,0,0,0,0,0,0,0,0,0,0,0,0,0,0,0,0,0,Sulfate
Bischofite,black,lab spectrum,0,IOF,0.7497412908,0.7497412908,0.7696563888,0.7696563888,0.7685336481,0.7685336481,0.7715264507,0.7715264507,0.7726265677,0.7726265677,0.7731082016,0.7643155206,0.766559031,0.7684625731,0.7632673817,0.7393612928,0.7107019639,0.7107019639,0,0,0,0,0,0,0,0,0,0,0,0,0,0,0,0,0,0,Chloride
Calcite,black,lab spectrum,0,IOF,0.9049877442,0.9049877442,0.9337483818,0.9337483818,0.9361623681,0.9361623681,0.9423119808,0.9423119808,0.9446146537,0.9446146537,0.949891028,0.9502184086,0.9618339037,0.96099621,0.9573504314,0.951967765,0.9592130484,0.9592130484,0,0,0,0,0,0,0,0,0,0,0,0,0,0,0,0,0,0,Carbonate
Carnallite,black,lab spectrum,0,IOF,0.1351003814,0.1351003814,0.1340737426,0.1340737426,0.138929078,0.138929078,0.1648400942,0.1648400942,0.2536085986,0.2536085986,0.2759733,0.306020628,0.300510614,0.3014220899,0.3084043945,0.3199926227,0.3502694706,0.3502694706,0,0,0,0,0,0,0,0,0,0,0,0,0,0,0,0,0,0,Chloride
Celadonite,black,lab spectrum,0,IOF,0.2129100953,0.2129100953,0.2635553165,0.2635553165,0.2814321115,0.2814321115,0.2576569149,0.2576569149,0.1694096006,0.1694096006,0.1379621181,0.1163534754,0.1257328334,0.1284905805,0.1254553186,0.1239645508,0.1254679364,0.1254679364,0,0,0,0,0,0,0,0,0,0,0,0,0,0,0,0,0,0,Phyllosilicate
Chlorite,black,lab spectrum,0,IOF,0.2564073759,0.2564073759,0.2841365489,0.2841365489,0.2958665098,0.2958665098,0.2938882964,0.2938882964,0.2703570031,0.2703570031,0.2547717319,0.2614123476,0.2847948831,0.2768104733,0.2768197239,0.2826567861,0.2990971331,0.2990971331,0,0,0,0,0,0,0,0,0,0,0,0,0,0,0,0,0,0,Phyllosilicate
Copiapite,black,lab spectrum,0,IOF,0.1050096739,0.1050096739,0.223477733,0.223477733,0.3023289705,0.3023289705,0.3204393785,0.3204393785,0.3978431346,0.3978431346,0.4260226918,0.3705721567,0.3147638627,0.2858213884,0.3012243761,0.3244123661,0.4378701227,0.4378701227,0,0,0,0,0,0,0,0,0,0,0,0,0,0,0,0,0,0,Sulfate
Coquimbite,black,lab spectrum,0,IOF,0.4824848034,0.4824848034,0.5362465486,0.5362465486,0.5446939974,0.5446939974,0.5548915151,0.5548915151,0.6168284473,0.6168284473,0.6422809861,0.6087898926,0.6234266489,0.6753518661,0.7042568019,0.7125883755,0.7288477297,0.7288477297,0,0,0,0,0,0,0,0,0,0,0,0,0,0,0,0,0,0,Sulfate
Augite,black,lab spectrum,0,IOF,0.0681934551,0.0681934551,0.0814918228,0.0814918228,0.0956892037,0.0956892037,0.0997011357,0.0997011357,0.1084861552,0.1084861552,0.1092179859,0.1103051859,0.1202578715,0.1322180131,0.1167100041,0.0994100358,0.0766955067,0.0766955067,0,0,0,0,0,0,0,0,0,0,0,0,0,0,0,0,0,0,Pyroxene
Dolomite,black,lab spectrum,0,IOF,0.6871519223,0.6871519223,0.7005537905,0.7005537905,0.7011899024,0.7011899024,0.7063404362,0.7063404362,0.7079914481,0.7079914481,0.7112766163,0.7144618608,0.7198238164,0.7106906265,0.7033457753,0.6911883231,0.6765998395,0.6765998395,0,0,0,0,0,0,0,0,0,0,0,0,0,0,0,0,0,0,Carbonate
Enstatite,black,lab spectrum,0,IOF,0.5753647183,0.5753647183,0.5942209333,0.5942209333,0.601185004,0.601185004,0.6043114195,0.6043114195,0.6089462866,0.6089462866,0.6080993785,0.5785648323,0.4923895317,0.3802222765,0.3604634243,0.3800546597,0.5074908601,0.5074908601,0,0,0,0,0,0,0,0,0,0,0,0,0,0,0,0,0,0,Pyroxene
Epidote,black,lab spectrum,0,IOF,0.060719124,0.060719124,0.0745819446,0.0745819446,0.1226393921,0.1226393921,0.117675986,0.117675986,0.1296495825,0.1296495825,0.1598640583,0.2143521229,0.2460432287,0.2587131886,0.2544347127,0.2418546049,0.2264327268,0.2264327268,0,0,0,0,0,0,0,0,0,0,0,0,0,0,0,0,0,0,Hydrated Silicate
Epsomite,black,lab spectrum,0,IOF,0.8801072469,0.8801072469,0.882317773,0.882317773,0.8817694799,0.8817694799,0.8823651154,0.8823651154,0.8754580048,0.8754580048,0.8769547056,0.8705349957,0.8744833821,0.8552797694,0.8354820849,0.8053398123,0.7406332967,0.7406332967,0,0,0,0,0,0,0,0,0,0,0,0,0,0,0,0,0,0,Sulfate
Fe3+SO4(OH),black,lab spectrum,0,IOF,0.1758555946,0.1758555946,0.2597861307,0.2597861307,0.3231709374,0.3231709374,0.3286422782,0.3286422782,0.3822374535,0.3822374535,0.3915862116,0.3267565774,0.3025392397,0.3080507861,0.3495140334,0.3987178517,0.5439010854,0.5439010854,0,0,0,0,0,0,0,0,0,0,0,0,0,0,0,0,0,0,Sulfate
FePerchlorate,black,lab spectrum,0,IOF,0.33574386,0.33574386,0.4082078298,0.4082078298,0.4494467857,0.4494467857,0.4674249724,0.4674249724,0.5068279968,0.5068279968,0.496878865,0.4493003647,0.457376094,0.4918803878,0.5136477353,0.5226517277,0.5107304899,0.5107304899,0,0,0,0,0,0,0,0,0,0,0,0,0,0,0,0,0,0,Perchlorate
Ferricopiapite,black,lab spectrum,0,IOF,0.2187381322,0.2187381322,0.4125870689,0.4125870689,0.5299578747,0.5299578747,0.5681529439,0.5681529439,0.6818671413,0.6818671413,0.7180192635,0.6623400263,0.5843001744,0.5366893394,0.5434722034,0.5681686816,0.6668324734,0.6668324734,0,0,0,0,0,0,0,0,0,0,0,0,0,0,0,0,0,0,Sulfate
Ferrihydrite,black,lab spectrum,0,IOF,0.0278729713,0.0278729713,0.0222350571,0.0222350571,0.0261937427,0.0261937427,0.0346390258,0.0346390258,0.0832514249,0.0832514249,0.1154103504,0.1778668108,0.1926706167,0.1836841512,0.177842423,0.1756689851,0.1873406346,0.1873406346,0,0,0,0,0,0,0,0,0,0,0,0,0,0,0,0,0,0,Sulfate
Ferrosilite,black,lab spectrum,0,IOF,0.2033181667,0.2033181667,0.2280238041,0.2280238041,0.2473876487,0.2473876487,0.2616025931,0.2616025931,0.3293009789,0.3293009789,0.369952346,0.366728913,0.2166292711,0.1175729514,0.102323505,0.1067544434,0.2175223498,0.2175223498,0,0,0,0,0,0,0,0,0,0,0,0,0,0,0,0,0,0,Pyroxene
Glauconite,black,lab spectrum,0,IOF,0.1228967364,0.1228967364,0.1472585673,0.1472585673,0.1628438279,0.1628438279,0.1626771137,0.1626771137,0.1396114393,0.1396114393,0.1244998629,0.1070354956,0.1080986357,0.1059653995,0.1016134528,0.0980056279,0.0921048233,0.0921048233,0,0,0,0,0,0,0,0,0,0,0,0,0,0,0,0,0,0,Phyllosilicate
Goethite,black,lab spectrum,0,IOF,0.0486891345,0.0486891345,0.0515229009,0.0515229009,0.0753302104,0.0753302104,0.1213248378,0.1213248378,0.2002646435,0.2002646435,0.213454249,0.2789718193,0.2660444029,0.225314343,0.2203022979,0.2189576885,0.2503936169,0.2503936169,0,0,0,0,0,0,0,0,0,0,0,0,0,0,0,0,0,0,Oxide
Gypsum,black,lab spectrum,0,IOF,0.905059181,0.905059181,0.9079848479,0.9079848479,0.911537136,0.911537136,0.9176244726,0.9176244726,0.9237573879,0.9237573879,0.9259724639,0.9293449169,0.9390751787,0.927300825,0.9202201973,0.9083299652,0.8745298475,0.8745298475,0,0,0,0,0,0,0,0,0,0,0,0,0,0,0,0,0,0,Sulfate
Hedenbergite,black,lab spectrum,0,IOF,0.072954496,0.072954496,0.0909008425,0.0909008425,0.1066735197,0.1066735197,0.1045580957,0.1045580957,0.0867839189,0.0867839189,0.0745015636,0.0599860054,0.0565109657,0.060894362,0.061873091,0.0609260517,0.0605540985,0.0605540985,0,0,0,0,0,0,0,0,0,0,0,0,0,0,0,0,0,0,Pyroxene
Hematite,black,lab spectrum,0,IOF,0.0426773109,0.0426773109,0.0264768039,0.0264768039,0.0266360324,0.0266360324,0.050062817,0.050062817,0.1804855834,0.1804855834,0.2211773533,0.3083472714,0.2606890785,0.2311947647,0.2442456403,0.2699734251,0.4122967368,0.4122967368,0,0,0,0,0,0,0,0,0,0,0,0,0,0,0,0,0,0,Oxide
Hexahydrite,black,lab spectrum,0,IOF,0.7661564926,0.7661564926,0.798285074,0.798285074,0.8196089903,0.8196089903,0.8308802252,0.8308802252,0.8623905918,0.8623905918,0.8722819264,0.8826681847,0.8903676302,0.8953498559,0.898532357,0.9000059163,0.9064661632,0.9064661632,0,0,0,0,0,0,0,0,0,0,0,0,0,0,0,0,0,0,Sulfate
Hydromagnesite-cacb49,black,lab spectrum,0,IOF,0.6539673511,0.6539673511,0.7121268406,0.7121268406,0.7474565968,0.7474565968,0.7575843503,0.7575843503,0.7611885423,0.7611885423,0.7531257406,0.7438034702,0.7562258647,0.7510465484,0.7489262672,0.7435198376,0.7452370902,0.7452370902,0,0,0,0,0,0,0,0,0,0,0,0,0,0,0,0,0,0,Carbonate
Illite,black,lab spectrum,0,IOF,0.2656935224,0.2656935224,0.3133794182,0.3133794182,0.354057598,0.354057598,0.3656072544,0.3656072544,0.3515925975,0.3515925975,0.329613281,0.2988221209,0.3093927722,0.3086357663,0.3016685667,0.2941745576,0.2845329271,0.2845329271,0,0,0,0,0,0,0,0,0,0,0,0,0,0,0,0,0,0,Phyllosilicate
Ilmenite,black,lab spectrum,0,IOF,0.0556859757,0.0556859757,0.0538073664,0.0538073664,0.0535882456,0.0535882456,0.0541502179,0.0541502179,0.0556708956,0.0556708956,0.0569509656,0.0599208572,0.0618441663,0.0642099114,0.0651788673,0.062705704,0.0621002971,0.0621002971,0,0,0,0,0,0,0,0,0,0,0,0,0,0,0,0,0,0,Oxide
Jarosite,black,lab spectrum,0,IOF,0.0916426652,0.0916426652,0.1173257359,0.1173257359,0.1526632331,0.1526632331,0.1900244897,0.1900244897,0.2779212245,0.2779212245,0.3231543315,0.3038934716,0.2122029759,0.1615911824,0.1534665026,0.1550543394,0.1873301143,0.1873301143,0,0,0,0,0,0,0,0,0,0,0,0,0,0,0,0,0,0,Sulfate
JSC1,black,lab spectrum,0,IOF,0.0877749067,0.0877749067,0.1005421817,0.1005421817,0.1331024792,0.1331024792,0.1644762067,0.1644762067,0.2720968142,0.2720968142,0.3187174076,0.376100643,0.395401038,0.3980529519,0.3988086211,0.3993490471,0.4052289963,0.4052289963,0,0,0,0,0,0,0,0,0,0,0,0,0,0,0,0,0,0,Amorphous
Kainite,black,lab spectrum,0,IOF,0.7416601304,0.7416601304,0.7813538819,0.7813538819,0.7989877117,0.7989877117,0.80859027,0.80859027,0.8268583468,0.8268583468,0.8303884156,0.8297473603,0.8269506017,0.8273271657,0.8242720955,0.8225297348,0.7906286149,0.7906286149,0,0,0,0,0,0,0,0,0,0,0,0,0,0,0,0,0,0,Chloride
Kaolinite,black,lab spectrum,0,IOF,0.7590866202,0.7590866202,0.8098186157,0.8098186157,0.8424070538,0.8424070538,0.8604160992,0.8604160992,0.9035236366,0.9035236366,0.9213976663,0.9426945421,0.9556840382,0.956533333,0.9576116983,0.9488469558,0.9607139442,0.9607139442,0,0,0,0,0,0,0,0,0,0,0,0,0,0,0,0,0,0,Phyllosilicate
Kieserite,black,lab spectrum,0,IOF,0.5323728372,0.5323728372,0.5547379831,0.5547379831,0.5713112958,0.5713112958,0.5902613264,0.5902613264,0.6429788706,0.6429788706,0.6576235389,0.6746241864,0.680263146,0.6866214112,0.6889918413,0.6899448043,0.6808352962,0.6808352962,0,0,0,0,0,0,0,0,0,0,0,0,0,0,0,0,0,0,Sulfate
Lizardite,black,lab spectrum,0,IOF,0.363669474,0.363669474,0.4352927726,0.4352927726,0.5099644663,0.5099644663,0.5376878346,0.5376878346,0.6127492283,0.6127492283,0.6309732766,0.6703649193,0.7051223279,0.6899938386,0.6824780772,0.666511423,0.6583819319,0.6583819319,0,0,0,0,0,0,0,0,0,0,0,0,0,0,0,0,0,0,Phyllosilicate
Maghemite,black,lab spectrum,0,IOF,0.0315785531,0.0315785531,0.0246789322,0.0246789322,0.0320572731,0.0320572731,0.0461881268,0.0461881268,0.1188471814,0.1188471814,0.160870855,0.2461347653,0.2603489156,0.2487977274,0.2425273699,0.2365303382,0.2379149302,0.2379149302,0,0,0,0,0,0,0,0,0,0,0,0,0,0,0,0,0,0,Oxide
Magnesite,black,lab spectrum,0,IOF,0.7624565406,0.7624565406,0.7837745547,0.7837745547,0.7883121423,0.7883121423,0.7952233094,0.7952233094,0.800598041,0.800598041,0.8042988488,0.799076963,0.8041161657,0.7947889245,0.793977033,0.7888298412,0.7881174577,0.7881174577,0,0,0,0,0,0,0,0,0,0,0,0,0,0,0,0,0,0,Carbonate
Magnetite,black,lab spectrum,0,IOF,0.0586792816,0.0586792816,0.057916316,0.057916316,0.0574325037,0.0574325037,0.0579098008,0.0579098008,0.0580293348,0.0580293348,0.0580230097,0.0558186181,0.0540817649,0.0513281518,0.0489992036,0.0475863103,0.0449437944,0.0449437944,0,0,0,0,0,0,0,0,0,0,0,0,0,0,0,0,0,0,Oxide
Maskelynite,black,lab spectrum,0,IOF,0.1642886188,0.1642886188,0.172257972,0.172257972,0.1767920054,0.1767920054,0.1772260622,0.1772260622,0.178079812,0.178079812,0.1797311971,0.1765737062,0.1646497948,0.1449484151,0.1392460083,0.1394080665,0.153734788,0.153734788,0,0,0,0,0,0,0,0,0,0,0,0,0,0,0,0,0,0,Feldspar
Melanterite,black,lab spectrum,0,IOF,0.6562219699,0.6562219699,0.7692295539,0.7692295539,0.8222237238,0.8222237238,0.8358433627,0.8358433627,0.8258577265,0.8258577265,0.7916587779,0.719424199,0.6448818057,0.56646025,0.5400898193,0.5344375951,0.5414380991,0.5414380991,0,0,0,0,0,0,0,0,0,0,0,0,0,0,0,0,0,0,Sulfate
MgPerchlorate,black,lab spectrum,0,IOF,0.9273738652,0.9273738652,0.9414911728,0.9414911728,0.9455719257,0.9455719257,0.9480153482,0.9480153482,0.9522155357,0.9522155357,0.9524810172,0.9472973116,0.9504092305,0.9479138042,0.9453493202,0.9336277568,0.9311867181,0.9311867181,0,0,0,0,0,0,0,0,0,0,0,0,0,0,0,0,0,0,Perchlorate
MnO,black,lab spectrum,0,IOF,0.0302981136,0.0302981136,0.030405393,0.030405393,0.0314449495,0.0314449495,0.0324504674,0.0324504674,0.0365609991,0.0365609991,0.0388675343,0.0446679137,0.0489369997,0.0524947289,0.0537500667,0.0544200701,0.0569602297,0.0569602297,0,0,0,0,0,0,0,0,0,0,0,0,0,0,0,0,0,0,Oxide
Montmorillonite,black,lab spectrum,0,IOF,0.5774211415,0.5774211415,0.6289687932,0.6289687932,0.6656324496,0.6656324496,0.6806576653,0.6806576653,0.7015600018,0.7015600018,0.7119733467,0.7310665328,0.7406301843,0.7322628968,0.7308483414,0.7245849083,0.7328721357,0.7328721357,0,0,0,0,0,0,0,0,0,0,0,0,0,0,0,0,0,0,Phyllosilicate
Nontronite,black,lab spectrum,0,IOF,0.097573303,0.097573303,0.1654732033,0.1654732033,0.2465842686,0.2465842686,0.2779055474,0.2779055474,0.3259282326,0.3259282326,0.3489022223,0.4540090108,0.4496939855,0.3984798079,0.3786133737,0.3716271614,0.4033613152,0.4033613152,0,0,0,0,0,0,0,0,0,0,0,0,0,0,0,0,0,0,Phyllosilicate
Obsidian,black,lab spectrum,0,IOF,0.3161274666,0.3161274666,0.3339406243,0.3339406243,0.3367905004,0.3367905004,0.3422136976,0.3422136976,0.3605545231,0.3605545231,0.3680539904,0.3657928375,0.3578816347,0.3423924427,0.3285846906,0.3213991117,0.3036849096,0.3036849096,0,0,0,0,0,0,0,0,0,0,0,0,0,0,0,0,0,0,Amorphous
Olivine Fo1,black,lab spectrum,0,IOF,0.1629131126,0.1629131126,0.2025001229,0.2025001229,0.2411934441,0.2411934441,0.256761825,0.256761825,0.2956198769,0.2956198769,0.3083074016,0.3057226961,0.2886584135,0.2549487012,0.2362572308,0.2239587758,0.1970960488,0.1970960488,0,0,0,0,0,0,0,0,0,0,0,0,0,0,0,0,0,0,Olivine
Olivine Fo66,black,lab spectrum,0,IOF,0.3081215751,0.3081215751,0.3592306479,0.3592306479,0.4068208737,0.4068208737,0.4284886017,0.4284886017,0.469712604,0.469712604,0.4881724072,0.4216515891,0.3462226933,0.2737324866,0.2534696479,0.232905303,0.1857776298,0.1857776298,0,0,0,0,0,0,0,0,0,0,0,0,0,0,0,0,0,0,Olivine
Olivine Fo90,black,lab spectrum,0,IOF,0.6636576604,0.6636576604,0.7037385384,0.7037385384,0.7332223244,0.7332223244,0.7422118418,0.7422118418,0.7458809908,0.7458809908,0.7455517991,0.7025752959,0.6521403184,0.6140192908,0.593381504,0.5701760577,0.4946275279,0.4946275279,0,0,0,0,0,0,0,0,0,0,0,0,0,0,0,0,0,0,Olivine
Olivine Fo97,black,lab spectrum,0,IOF,0.6948586823,0.6948586823,0.7259782112,0.7259782112,0.7476255289,0.7476255289,0.7555557828,0.7555557828,0.7767446054,0.7767446054,0.7829566036,0.7692364703,0.7478275655,0.7277055992,0.7174934169,0.7043429845,0.657890167,0.657890167,0,0,0,0,0,0,0,0,0,0,0,0,0,0,0,0,0,0,Olivine
Pigeonite,black,lab spectrum,0,IOF,0.0825923022,0.0825923022,0.085356205,0.085356205,0.0880740844,0.0880740844,0.0905748537,0.0905748537,0.1036758142,0.1036758142,0.1129683657,0.1298566827,0.1100264058,0.0745651968,0.0667767333,0.067400476,0.1004352645,0.1004352645,0,0,0,0,0,0,0,0,0,0,0,0,0,0,0,0,0,0,Pyroxene
Plagioclase,black,lab spectrum,0,IOF,0.2657484674,0.2657484674,0.2708176758,0.2708176758,0.2748695254,0.2748695254,0.2792556035,0.2792556035,0.2982554982,0.2982554982,0.308982939,0.3227684207,0.3300196396,0.3306591396,0.3291827217,0.3271536873,0.3122133954,0.3122133954,0,0,0,0,0,0,0,0,0,0,0,0,0,0,0,0,0,0,Feldspar
Plagioclase LAPL38 - FELD,black,lab spectrum,0,IOF,0.7635556759,0.7635556759,0.7768542523,0.7768542523,0.7808039857,0.7808039857,0.7834040009,0.7834040009,0.7892600146,0.7892600146,0.7911071145,0.7915650016,0.7928528038,0.7925472073,0.789350572,0.7898832293,0.789410701,0.789410701,0,0,0,0,0,0,0,0,0,0,0,0,0,0,0,0,0,0,Feldspar
Prehnite,black,lab spectrum,0,IOF,0.7031281821,0.7031281821,0.7255082006,0.7255082006,0.7295980146,0.7295980146,0.7349447889,0.7349447889,0.7336783611,0.7336783611,0.7332488299,0.7329115252,0.7386681237,0.7351507805,0.7361452822,0.7323718538,0.7339033375,0.7339033375,0,0,0,0,0,0,0,0,0,0,0,0,0,0,0,0,0,0,Hydrated Silicate
Pumpellyite-purityUnknown,black,lab spectrum,0,IOF,0.4895310746,0.4895310746,0.5440002781,0.5440002781,0.5917418118,0.5917418118,0.5968679612,0.5968679612,0.583090504,0.583090504,0.5664245893,0.5780780124,0.5693067595,0.5430778617,0.5400251174,0.5345288325,0.5286441373,0.5286441373,0,0,0,0,0,0,0,0,0,0,0,0,0,0,0,0,0,0,Hydrated Silicate
Pyrite,black,lab spectrum,0,IOF,0.0387242136,0.0387242136,0.0431506453,0.0431506453,0.046002762,0.046002762,0.0467100461,0.0467100461,0.0482747954,0.0482747954,0.0489322213,0.0478353536,0.0455423742,0.0430307368,0.0420464879,0.0416886676,0.0418395263,0.0418395263,0,0,0,0,0,0,0,0,0,0,0,0,0,0,0,0,0,0,Sulfate
Pyrrhotite,black,lab spectrum,0,IOF,0.0373927542,0.0373927542,0.0398569861,0.0398569861,0.048171451,0.048171451,0.0571236722,0.0571236722,0.0715273368,0.0715273368,0.0737331033,0.0778873986,0.0790149003,0.0793969605,0.0783744065,0.0773372376,0.0779915976,0.0779915976,0,0,0,0,0,0,0,0,0,0,0,0,0,0,0,0,0,0,Sulfate
Rhomboclase,black,lab spectrum,0,IOF,0.7036651041,0.7036651041,0.7503881075,0.7503881075,0.7612684851,0.7612684851,0.7741366145,0.7741366145,0.812802058,0.812802058,0.8260532289,0.8177850559,0.816741728,0.8245184881,0.8307669963,0.8351399928,0.853483103,0.853483103,0,0,0,0,0,0,0,0,0,0,0,0,0,0,0,0,0,0,Sulfate
Rozenite,black,lab spectrum,0,IOF,0.1696972925,0.1696972925,0.1772674756,0.1772674756,0.1851529901,0.1851529901,0.1900533973,0.1900533973,0.2084480622,0.2084480622,0.2171819737,0.2319940787,0.2389153954,0.2428528603,0.2450301178,0.2465323836,0.2544893791,0.2544893791,0,0,0,0,0,0,0,0,0,0,0,0,0,0,0,0,0,0,Sulfate
Saponite,black,lab spectrum,0,IOF,0.5762847496,0.5762847496,0.6740806102,0.6740806102,0.7513377642,0.7513377642,0.7652111261,0.7652111261,0.8055971641,0.8055971641,0.8254792678,0.8487930648,0.8524330882,0.8292901941,0.8199855903,0.7950802024,0.7952534897,0.7952534897,0,0,0,0,0,0,0,0,0,0,0,0,0,0,0,0,0,0,Phyllosilicate
Schwertmannite,black,lab spectrum,0,IOF,0.0387586999,0.0387586999,0.0354066523,0.0354066523,0.0507494821,0.0507494821,0.079266571,0.079266571,0.1912881415,0.1912881415,0.2416633283,0.3028414305,0.3025770898,0.2877557707,0.2839200705,0.2823907835,0.3056552828,0.3056552828,0,0,0,0,0,0,0,0,0,0,0,0,0,0,0,0,0,0,Sulfate
Siderite,black,lab spectrum,0,IOF,0.0526256232,0.0526256232,0.0573131136,0.0573131136,0.0662268119,0.0662268119,0.079419844,0.079419844,0.1236630276,0.1236630276,0.1440610703,0.1774238813,0.184785075,0.1538710788,0.1307759068,0.1146880471,0.0972923816,0.0972923816,0,0,0,0,0,0,0,0,0,0,0,0,0,0,0,0,0,0,Carbonate
Sinjarite,black,lab spectrum,0,IOF,0.9348488541,0.9348488541,0.9543350289,0.9543350289,0.9549818334,0.9549818334,0.9552721496,0.9552721496,0.9574388845,0.9574388845,0.9606415118,0.9562023572,0.9537564495,0.9532886942,0.9531109817,0.9470998722,0.9300660982,0.9300660982,0,0,0,0,0,0,0,0,0,0,0,0,0,0,0,0,0,0,Chloride
Starkeyite,black,lab spectrum,0,IOF,0.8924014068,0.8924014068,0.909061318,0.909061318,0.9062473096,0.9062473096,0.9070424696,0.9070424696,0.9049807972,0.9049807972,0.9053469913,0.8977677192,0.8995717355,0.8965511029,0.8887708375,0.877327098,0.853933751,0.853933751,0,0,0,0,0,0,0,0,0,0,0,0,0,0,0,0,0,0,Sulfate
Szomolnokite,black,lab spectrum,0,IOF,0.1971520536,0.1971520536,0.2093084259,0.2093084259,0.2203784923,0.2203784923,0.2262463427,0.2262463427,0.2457653066,0.2457653066,0.2546504273,0.2705092178,0.2800820741,0.285170281,0.2874014789,0.2894800447,0.3004004943,0.3004004943,0,0,0,0,0,0,0,0,0,0,0,0,0,0,0,0,0,0,Sulfate
Talc-GDS23,black,lab spectrum,0,IOF,0.4874989435,0.4874989435,0.5233631319,0.5233631319,0.5421989271,0.5421989271,0.5491476271,0.5491476271,0.5581958964,0.5581958964,0.5623680452,0.563048772,0.5613931519,0.5573656877,0.5628625082,0.5587694957,0.5744311673,0.5744311673,0,0,0,0,0,0,0,0,0,0,0,0,0,0,0,0,0,0,Hydrated Silicate
Tektite,black,lab spectrum,0,IOF,0.0832604455,0.0832604455,0.1043568336,0.1043568336,0.1198058109,0.1198058109,0.1278522982,0.1278522982,0.1441893736,0.1441893736,0.1417648108,0.1162028123,0.0957746883,0.0771479494,0.0690126517,0.0648366613,0.0573206177,0.0573206177,0,0,0,0,0,0,0,0,0,0,0,0,0,0,0,0,0,0,Amorphous
WaterIce,black,lab spectrum,0,IOF,0.30815727,0.30815727,0.3090836629,0.3090836629,0.3072228661,0.3072228661,0.3069589027,0.3069589027,0.3047066949,0.3047066949,0.3034262796,0.2997655428,0.297130367,0.2945049961,0.2922011059,0.2908108652,0.27418949,0.27418949,0,0,0,0,0,0,0,0,0,0,0,0,0,0,0,0,0,0,Ice
Nanophase Hematite (large pore),black,lab spectrum,0,IOF,0.5750131471,0.5750131471,0.5856065213,0.5856065213,0.5849027366,0.5849027366,0.5866244675,0.5866244675,0.5878213518,0.5878213518,0.5882714105,0.5883449681,0.5887811325,0.5888228622,0.5889615374,0.5890296043,0.58925343,0.58925343,0,0,0,0,0,0,0,0,0,0,0,0,0,0,0,0,0,0,Amorphous
Nanophase Hematite (small pore),black,lab spectrum,0,IOF,0.3356693217,0.3356693217,0.3453697352,0.3453697352,0.3484473378,0.3484473378,0.3525990134,0.3525990134,0.3612475682,0.3612475682,0.3635028834,0.3665701185,0.3689969944,0.3722868079,0.377225533,0.3798130413,0.3855679594,0.3855679594,0,0,0,0,0,0,0,0,0,0,0,0,0,0,0,0,0,0,Amorphous
