,massive,remnant,wheel track,paver,soil,pebble,pitted
incidence_angle,-0.1,-0.07,-0.16,0.19,0.03,-0.11,0.1
emission_angle,0.54,0.35,-0.09,0.01,-0.17,-0.28,-0.28
phase_angle,0.38,0.25,-0.09,0.16,-0.1,-0.25,-0.39
r L6 L0B,0.18,-0.14,0.13,-0.1,-0.13,0.06,0.06
r L6 R0B,0.41,-0.02,0.11,-0.29,-0.15,-0.08,0.22
r L6 L5,0.37,-0.13,0.06,-0.24,-0.25,0.1,0.21
r L6 L0G,0.28,-0.2,0.02,-0.11,-0.26,0.14,0.17
r L6 R0G,0.33,-0.17,0.03,-0.19,-0.26,0.1,0.26
r L6 L4,0.43,-0.15,-0.07,-0.12,-0.34,0.09,0.22
r L6 L0R,0.37,-0.19,-0.06,-0.08,-0.36,0.11,0.26
r L6 R0R,0.46,-0.14,-0.07,-0.11,-0.37,0.07,0.23
r L6 L3,0.41,-0.17,-0.1,-0.07,-0.38,0.09,0.25
r L6 L2,0.42,-0.17,-0.11,-0.05,-0.38,0.08,0.24
r L6 L1,0.39,-0.19,-0.11,-0.04,-0.36,0.07,0.26
r L6 R1,0.39,-0.19,-0.11,-0.04,-0.36,0.07,0.26
r L6 R2,0.38,-0.19,-0.1,-0.06,-0.33,0.07,0.26
r L6 R3,0.37,-0.2,-0.09,-0.07,-0.31,0.08,0.26
r L6 R4,0.35,-0.2,-0.09,-0.07,-0.3,0.09,0.25
r L6 R5,0.33,-0.21,-0.09,-0.07,-0.29,0.1,0.26
r L6 R6,0.3,-0.22,-0.11,-0.05,-0.31,0.12,0.27
r L0B R0B,0.38,0.14,-0.0,-0.31,-0.06,-0.19,0.25
r L0B L5,0.38,-0.08,-0.02,-0.27,-0.25,0.1,0.27
r L0B L0G,0.31,-0.22,-0.06,-0.11,-0.3,0.19,0.21
r L0B R0G,0.35,-0.15,-0.04,-0.21,-0.27,0.11,0.31
r L0B L4,0.46,-0.13,-0.12,-0.12,-0.38,0.1,0.24
r L0B L0R,0.4,-0.18,-0.11,-0.07,-0.4,0.13,0.29
r L0B R0R,0.5,-0.12,-0.12,-0.11,-0.41,0.08,0.25
r L0B L3,0.44,-0.16,-0.14,-0.06,-0.42,0.1,0.27
r L0B L2,0.44,-0.17,-0.15,-0.03,-0.42,0.09,0.26
r L0B L1,0.41,-0.18,-0.16,-0.02,-0.39,0.08,0.27
r L0B R1,0.41,-0.18,-0.16,-0.02,-0.39,0.08,0.27
r L0B R2,0.4,-0.19,-0.14,-0.06,-0.35,0.07,0.28
r L0B R3,0.39,-0.19,-0.13,-0.07,-0.33,0.08,0.28
r L0B R4,0.37,-0.21,-0.13,-0.07,-0.32,0.09,0.27
r L0B R5,0.35,-0.21,-0.13,-0.07,-0.31,0.11,0.27
r L0B R6,0.31,-0.22,-0.15,-0.04,-0.32,0.13,0.29
r R0B L5,0.15,-0.22,-0.02,-0.07,-0.26,0.3,0.12
r R0B L0G,0.08,-0.29,-0.05,0.07,-0.27,0.31,0.06
r R0B R0G,0.2,-0.27,-0.04,-0.08,-0.3,0.26,0.23
r R0B L4,0.37,-0.18,-0.13,-0.03,-0.38,0.17,0.18
r R0B L0R,0.3,-0.22,-0.12,0.01,-0.4,0.19,0.23
r R0B R0R,0.42,-0.16,-0.13,-0.03,-0.42,0.14,0.2
r R0B L3,0.36,-0.19,-0.15,0.01,-0.42,0.16,0.23
r R0B L2,0.37,-0.2,-0.15,0.03,-0.42,0.14,0.22
r R0B L1,0.34,-0.21,-0.16,0.04,-0.39,0.13,0.23
r R0B R1,0.34,-0.21,-0.16,0.04,-0.39,0.13,0.23
r R0B R2,0.33,-0.22,-0.14,0.0,-0.35,0.12,0.24
r R0B R3,0.31,-0.22,-0.13,-0.01,-0.33,0.13,0.24
r R0B R4,0.29,-0.23,-0.13,-0.0,-0.32,0.14,0.23
r R0B R5,0.27,-0.24,-0.13,-0.01,-0.3,0.15,0.23
r R0B R6,0.23,-0.25,-0.15,0.02,-0.32,0.18,0.25
r L5 L0G,-0.04,-0.26,-0.07,0.2,-0.15,0.19,-0.03
r L5 R0G,0.18,-0.22,-0.05,-0.06,-0.22,0.1,0.28
r L5 L4,0.43,-0.14,-0.15,-0.01,-0.4,0.09,0.19
r L5 L0R,0.33,-0.21,-0.14,0.05,-0.42,0.13,0.24
r L5 R0R,0.48,-0.12,-0.14,-0.01,-0.44,0.06,0.2
r L5 L3,0.4,-0.17,-0.17,0.04,-0.44,0.1,0.23
r L5 L2,0.4,-0.18,-0.17,0.06,-0.43,0.08,0.22
r L5 L1,0.37,-0.2,-0.18,0.07,-0.4,0.07,0.24
r L5 R1,0.37,-0.2,-0.18,0.07,-0.4,0.07,0.24
r L5 R2,0.35,-0.21,-0.16,0.03,-0.35,0.06,0.25
r L5 R3,0.34,-0.21,-0.15,0.01,-0.32,0.07,0.25
r L5 R4,0.32,-0.23,-0.15,0.02,-0.31,0.08,0.23
r L5 R5,0.29,-0.24,-0.15,0.01,-0.29,0.1,0.24
r L5 R6,0.24,-0.25,-0.17,0.04,-0.31,0.13,0.26
r L0G R0G,0.2,0.07,0.03,-0.28,-0.05,-0.1,0.31
r L0G L4,0.55,-0.04,-0.15,-0.12,-0.41,0.02,0.24
r L0G L0R,0.45,-0.15,-0.14,-0.03,-0.46,0.07,0.32
r L0G R0R,0.58,-0.04,-0.14,-0.1,-0.45,-0.0,0.24
r L0G L3,0.49,-0.11,-0.18,-0.03,-0.47,0.05,0.28
r L0G L2,0.48,-0.13,-0.18,0.01,-0.46,0.04,0.26
r L0G L1,0.44,-0.16,-0.19,0.02,-0.41,0.02,0.28
r L0G R1,0.44,-0.16,-0.19,0.02,-0.41,0.02,0.28
r L0G R2,0.42,-0.17,-0.16,-0.03,-0.35,0.02,0.29
r L0G R3,0.4,-0.17,-0.15,-0.05,-0.32,0.03,0.29
r L0G R4,0.38,-0.19,-0.15,-0.05,-0.3,0.04,0.28
r L0G R5,0.35,-0.21,-0.15,-0.05,-0.29,0.06,0.28
r L0G R6,0.29,-0.22,-0.17,-0.01,-0.31,0.1,0.3
r R0G L4,0.46,-0.07,-0.17,0.01,-0.4,0.08,0.1
r R0G L0R,0.35,-0.17,-0.16,0.08,-0.44,0.13,0.18
r R0G R0R,0.53,-0.06,-0.16,0.01,-0.47,0.05,0.14
r R0G L3,0.43,-0.13,-0.19,0.06,-0.46,0.09,0.19
r R0G L2,0.42,-0.15,-0.19,0.09,-0.45,0.07,0.18
r R0G L1,0.39,-0.17,-0.2,0.09,-0.41,0.06,0.2
r R0G R1,0.39,-0.17,-0.2,0.09,-0.41,0.06,0.2
r R0G R2,0.37,-0.19,-0.17,0.04,-0.35,0.05,0.22
r R0G R3,0.35,-0.19,-0.16,0.02,-0.32,0.06,0.21
r R0G R4,0.33,-0.21,-0.16,0.03,-0.3,0.08,0.19
r R0G R5,0.3,-0.22,-0.16,0.02,-0.28,0.1,0.19
r R0G R6,0.24,-0.24,-0.18,0.06,-0.31,0.13,0.22
r L4 L0R,-0.19,-0.39,0.01,0.26,-0.3,0.21,0.3
r L4 R0R,0.51,0.01,-0.06,0.0,-0.49,-0.05,0.18
r L4 L3,0.31,-0.22,-0.19,0.16,-0.52,0.12,0.3
r L4 L2,0.31,-0.22,-0.19,0.19,-0.47,0.08,0.24
r L4 L1,0.25,-0.26,-0.21,0.19,-0.37,0.04,0.27
r L4 R1,0.25,-0.26,-0.21,0.19,-0.37,0.04,0.27
r L4 R2,0.21,-0.28,-0.14,0.07,-0.25,0.03,0.29
r L4 R3,0.17,-0.29,-0.12,0.04,-0.17,0.04,0.27
r L4 R4,0.12,-0.32,-0.11,0.04,-0.13,0.07,0.24
r L4 R5,0.08,-0.34,-0.1,0.03,-0.1,0.11,0.24
r L4 R6,-0.02,-0.34,-0.14,0.09,-0.15,0.17,0.27
r L0R R0R,0.6,0.34,-0.05,-0.22,-0.18,-0.22,-0.09
r L0R L3,0.54,0.0,-0.24,0.01,-0.44,-0.01,0.15
r L0R L2,0.47,-0.08,-0.22,0.1,-0.41,-0.01,0.13
r L0R L1,0.38,-0.15,-0.24,0.11,-0.31,-0.04,0.18
r L0R R1,0.38,-0.15,-0.24,0.11,-0.31,-0.04,0.18
r L0R R2,0.33,-0.17,-0.16,-0.02,-0.16,-0.05,0.21
r L0R R3,0.27,-0.18,-0.13,-0.07,-0.07,-0.03,0.18
r L0R R4,0.22,-0.21,-0.13,-0.06,-0.02,-0.0,0.15
r L0R R5,0.17,-0.25,-0.12,-0.07,0.01,0.04,0.15
r L0R R6,0.05,-0.27,-0.17,0.02,-0.05,0.12,0.2
r R0R L3,0.01,-0.31,-0.21,0.22,-0.31,0.2,0.25
r R0R L2,0.12,-0.28,-0.2,0.24,-0.34,0.12,0.19
r R0R L1,0.07,-0.33,-0.23,0.24,-0.24,0.08,0.25
r R0R R1,0.07,-0.33,-0.23,0.24,-0.24,0.08,0.25
r R0R R2,0.04,-0.34,-0.14,0.08,-0.08,0.06,0.27
r R0R R3,-0.02,-0.35,-0.11,0.04,0.01,0.07,0.23
r R0R R4,-0.07,-0.37,-0.1,0.04,0.06,0.1,0.19
r R0R R5,-0.11,-0.38,-0.09,0.03,0.08,0.14,0.19
r R0R R6,-0.19,-0.38,-0.14,0.1,0.01,0.2,0.23
r L3 L2,0.24,-0.17,-0.14,0.2,-0.28,-0.01,0.06
r L3 L1,0.11,-0.26,-0.18,0.18,-0.1,-0.06,0.16
r L3 R1,0.11,-0.26,-0.18,0.18,-0.1,-0.06,0.16
r L3 R2,0.05,-0.26,-0.04,-0.05,0.12,-0.07,0.18
r L3 R3,-0.03,-0.26,0.01,-0.11,0.25,-0.04,0.13
r L3 R4,-0.1,-0.29,0.01,-0.09,0.3,-0.0,0.08
r L3 R5,-0.15,-0.33,0.02,-0.1,0.32,0.06,0.08
r L3 R6,-0.25,-0.34,-0.06,0.01,0.2,0.16,0.15
r L2 L1,-0.13,-0.28,-0.17,0.08,0.22,-0.11,0.22
r L2 R1,-0.13,-0.28,-0.17,0.08,0.22,-0.11,0.22
r L2 R2,-0.12,-0.22,0.06,-0.22,0.4,-0.09,0.18
r L2 R3,-0.2,-0.21,0.1,-0.27,0.51,-0.05,0.11
r L2 R4,-0.27,-0.25,0.1,-0.23,0.54,0.0,0.05
r L2 R5,-0.31,-0.29,0.1,-0.24,0.54,0.08,0.05
r L2 R6,-0.41,-0.31,-0.0,-0.09,0.37,0.19,0.13
r L1 R2,-0.08,-0.1,0.23,-0.4,0.42,-0.04,0.09
r L1 R3,-0.19,-0.1,0.25,-0.41,0.53,0.0,0.01
r L1 R4,-0.27,-0.17,0.22,-0.35,0.57,0.07,-0.06
r L1 R5,-0.31,-0.23,0.2,-0.32,0.54,0.15,-0.04
r L1 R6,-0.44,-0.26,0.07,-0.14,0.35,0.27,0.07
r R1 R2,-0.08,-0.1,0.23,-0.4,0.42,-0.04,0.09
r R1 R3,-0.19,-0.1,0.25,-0.41,0.53,0.0,0.01
r R1 R4,-0.27,-0.17,0.22,-0.35,0.57,0.07,-0.06
r R1 R5,-0.31,-0.23,0.2,-0.32,0.54,0.15,-0.04
r R1 R6,-0.44,-0.26,0.07,-0.14,0.35,0.27,0.07
r R2 R3,-0.32,-0.07,0.18,-0.25,0.52,0.09,-0.15
r R2 R4,-0.41,-0.19,0.12,-0.14,0.53,0.18,-0.22
r R2 R5,-0.41,-0.26,0.11,-0.14,0.44,0.27,-0.14
r R2 R6,-0.47,-0.25,-0.05,0.07,0.16,0.35,0.02
r R3 R4,-0.37,-0.27,0.01,0.06,0.36,0.23,-0.22
r R3 R5,-0.36,-0.31,0.03,-0.02,0.27,0.32,-0.1
r R3 R6,-0.43,-0.27,-0.12,0.17,0.0,0.37,0.08
r R4 R5,-0.24,-0.26,0.04,-0.07,0.13,0.29,0.03
r R4 R6,-0.39,-0.23,-0.15,0.18,-0.11,0.36,0.17
r R5 R6,-0.34,-0.14,-0.2,0.27,-0.21,0.28,0.2
bd L6 L0B L5,-0.22,-0.02,0.1,0.18,0.13,-0.05,-0.21
bd L6 R0B L5,0.24,0.16,0.11,-0.2,0.08,-0.31,0.09
bd L6 L0B L0G,-0.21,0.13,0.17,0.05,0.23,-0.19,-0.18
bd L6 R0B L0G,0.27,0.27,0.14,-0.31,0.12,-0.37,0.14
bd L6 L5 L0G,0.13,0.25,0.09,-0.28,0.09,-0.18,0.1
bd L6 L0B R0G,-0.24,0.06,0.11,0.17,0.19,-0.09,-0.28
bd L6 R0B R0G,0.22,0.29,0.15,-0.21,0.18,-0.4,-0.02
bd L6 L5 R0G,-0.09,0.22,0.07,-0.01,0.17,-0.1,-0.25
bd L6 L0B L4,-0.4,0.06,0.19,0.08,0.35,-0.1,-0.23
bd L6 R0B L4,-0.11,0.18,0.21,-0.18,0.35,-0.29,-0.03
bd L6 L5 L4,-0.39,0.11,0.22,-0.09,0.41,-0.09,-0.13
bd L6 L0G L4,-0.56,-0.05,0.2,0.1,0.42,0.03,-0.23
bd L6 R0G L4,-0.4,-0.0,0.22,-0.11,0.38,-0.05,0.0
bd L6 L0B L0R,-0.34,0.12,0.2,0.02,0.4,-0.14,-0.27
bd L6 R0B L0R,-0.02,0.25,0.21,-0.25,0.37,-0.32,-0.06
bd L6 L5 L0R,-0.26,0.21,0.21,-0.2,0.45,-0.14,-0.18
bd L6 L0G L0R,-0.46,0.08,0.2,-0.03,0.51,-0.03,-0.33
bd L6 R0G L0R,-0.26,0.12,0.21,-0.24,0.45,-0.12,-0.06
bd L6 L4 L0R,0.4,0.35,-0.04,-0.33,0.15,-0.18,-0.2
bd L6 L0B R0R,-0.42,0.03,0.18,0.07,0.39,-0.08,-0.23
bd L6 R0B R0R,-0.15,0.16,0.22,-0.2,0.41,-0.27,-0.05
bd L6 L5 R0R,-0.44,0.08,0.21,-0.11,0.48,-0.05,-0.14
bd L6 L0G R0R,-0.58,-0.07,0.18,0.06,0.47,0.06,-0.22
bd L6 R0G R0R,-0.49,-0.03,0.22,-0.13,0.48,-0.01,-0.03
bd L6 L4 R0R,-0.39,-0.1,0.04,-0.07,0.42,0.11,-0.1
bd L6 L0R R0R,-0.6,-0.35,0.05,0.22,0.17,0.22,0.09
bd L6 L0B L3,-0.37,0.08,0.22,0.0,0.41,-0.11,-0.24
bd L6 R0B L3,-0.09,0.2,0.24,-0.25,0.4,-0.28,-0.06
bd L6 L5 L3,-0.34,0.15,0.25,-0.19,0.48,-0.1,-0.16
bd L6 L0G L3,-0.49,0.02,0.24,-0.05,0.51,0.0,-0.26
bd L6 R0G L3,-0.34,0.06,0.26,-0.22,0.46,-0.07,-0.06
bd L6 L4 L3,-0.04,0.2,0.24,-0.41,0.48,-0.1,-0.22
bd L6 L0R L3,-0.46,-0.14,0.29,-0.08,0.35,0.08,-0.03
bd L6 R0R L3,0.28,0.27,0.2,-0.33,0.12,-0.19,-0.13
bd L6 L0B L2,-0.33,0.07,0.23,-0.05,0.39,-0.09,-0.21
bd L6 R0B L2,-0.02,0.19,0.24,-0.31,0.36,-0.26,-0.01
bd L6 L5 L2,-0.28,0.14,0.27,-0.28,0.46,-0.08,-0.11
bd L6 L0G L2,-0.42,0.0,0.26,-0.13,0.47,0.04,-0.21
bd L6 R0G L2,-0.26,0.05,0.26,-0.3,0.41,-0.04,0.0
bd L6 L4 L2,0.12,0.13,0.18,-0.44,0.25,-0.01,-0.03
bd L6 L0R L2,-0.19,-0.11,0.23,-0.23,0.17,0.13,0.11
bd L6 R0R L2,0.32,0.19,0.16,-0.39,0.01,-0.07,0.03
bd L6 L3 L2,0.19,0.0,0.04,-0.27,-0.1,0.1,0.19
bd L6 L0B L1,-0.27,0.08,0.25,-0.06,0.32,-0.07,-0.21
bd L6 R0B L1,0.06,0.2,0.26,-0.33,0.28,-0.25,0.0
bd L6 L5 L1,-0.2,0.17,0.31,-0.34,0.39,-0.05,-0.11
bd L6 L0G L1,-0.32,0.01,0.28,-0.16,0.36,0.08,-0.2
bd L6 R0G L1,-0.17,0.06,0.29,-0.35,0.32,0.0,0.02
bd L6 L4 L1,0.29,0.14,0.18,-0.44,0.0,0.06,-0.01
bd L6 L0R L1,0.03,-0.06,0.23,-0.25,-0.08,0.19,0.1
bd L6 R0R L1,0.46,0.2,0.16,-0.39,-0.2,0.0,0.03
bd L6 L3 L1,0.36,0.06,0.06,-0.24,-0.34,0.16,0.13
bd L6 L2 L1,0.41,0.15,0.09,-0.1,-0.49,0.16,-0.04
bd L6 L0B R1,-0.27,0.08,0.25,-0.06,0.32,-0.07,-0.21
bd L6 R0B R1,0.06,0.2,0.26,-0.33,0.28,-0.25,0.0
bd L6 L5 R1,-0.2,0.17,0.31,-0.34,0.39,-0.05,-0.11
bd L6 L0G R1,-0.32,0.01,0.28,-0.16,0.36,0.08,-0.2
bd L6 R0G R1,-0.17,0.06,0.29,-0.35,0.32,0.0,0.02
bd L6 L4 R1,0.29,0.14,0.18,-0.44,0.0,0.06,-0.01
bd L6 L0R R1,0.03,-0.06,0.23,-0.25,-0.08,0.19,0.1
bd L6 R0R R1,0.46,0.2,0.16,-0.39,-0.2,0.0,0.03
bd L6 L3 R1,0.36,0.06,0.06,-0.24,-0.34,0.16,0.13
bd L6 L2 R1,0.41,0.15,0.09,-0.1,-0.49,0.16,-0.04
bd L6 L0B R2,-0.2,0.05,0.23,-0.03,0.23,-0.05,-0.19
bd L6 R0B R2,0.16,0.19,0.23,-0.33,0.18,-0.24,0.05
bd L6 L5 R2,-0.09,0.15,0.29,-0.34,0.25,-0.02,-0.06
bd L6 L0G R2,-0.22,-0.04,0.24,-0.11,0.19,0.14,-0.17
bd L6 R0G R2,-0.04,0.02,0.25,-0.33,0.15,0.04,0.09
bd L6 L4 R2,0.42,0.08,0.04,-0.26,-0.27,0.1,0.06
bd L6 L0R R2,0.22,-0.1,0.07,-0.09,-0.37,0.21,0.16
bd L6 R0R R2,0.55,0.13,0.03,-0.21,-0.43,0.05,0.09
bd L6 L3 R2,0.43,0.01,-0.08,-0.03,-0.54,0.16,0.16
bd L6 L2 R2,0.43,0.04,-0.14,0.15,-0.65,0.15,0.06
bd L6 L1 R2,0.33,-0.05,-0.27,0.32,-0.6,0.09,0.1
bd L6 R1 R2,0.33,-0.05,-0.27,0.32,-0.6,0.09,0.1
bd L6 L0B R3,-0.16,0.04,0.22,-0.03,0.18,-0.04,-0.17
bd L6 R0B R3,0.21,0.18,0.22,-0.33,0.12,-0.23,0.07
bd L6 L5 R3,0.0,0.14,0.28,-0.35,0.16,-0.01,-0.01
bd L6 L0G R3,-0.12,-0.06,0.21,-0.1,0.09,0.14,-0.12
bd L6 R0G R3,0.05,-0.0,0.23,-0.32,0.05,0.05,0.13
bd L6 L4 R3,0.46,0.05,-0.0,-0.2,-0.36,0.09,0.11
bd L6 L0R R3,0.29,-0.11,0.02,-0.05,-0.45,0.18,0.2
bd L6 R0R R3,0.55,0.09,-0.01,-0.15,-0.48,0.04,0.13
bd L6 L3 R3,0.46,-0.01,-0.11,0.0,-0.58,0.13,0.19
bd L6 L2 R3,0.47,0.0,-0.16,0.16,-0.67,0.11,0.13
bd L6 L1 R3,0.4,-0.06,-0.26,0.27,-0.63,0.05,0.18
bd L6 R1 R3,0.4,-0.06,-0.26,0.27,-0.63,0.05,0.18
bd L6 R2 R3,0.43,-0.07,-0.17,0.13,-0.54,-0.02,0.25
bd L6 L0B R4,-0.12,0.04,0.22,-0.04,0.15,-0.05,-0.15
bd L6 R0B R4,0.23,0.18,0.21,-0.33,0.09,-0.23,0.09
bd L6 L5 R4,0.07,0.14,0.28,-0.35,0.1,-0.02,0.03
bd L6 L0G R4,-0.06,-0.05,0.2,-0.11,0.03,0.13,-0.08
bd L6 R0G R4,0.1,0.0,0.21,-0.32,-0.01,0.04,0.16
bd L6 L4 R4,0.48,0.05,-0.01,-0.19,-0.38,0.07,0.14
bd L6 L0R R4,0.33,-0.09,0.01,-0.05,-0.47,0.15,0.22
bd L6 R0R R4,0.55,0.09,-0.02,-0.15,-0.49,0.03,0.16
bd L6 L3 R4,0.47,-0.0,-0.1,-0.01,-0.58,0.11,0.21
bd L6 L2 R4,0.49,0.02,-0.15,0.13,-0.67,0.08,0.17
bd L6 L1 R4,0.45,-0.03,-0.23,0.2,-0.64,0.02,0.22
bd L6 R1 R4,0.45,-0.03,-0.23,0.2,-0.64,0.02,0.22
bd L6 R2 R4,0.49,0.0,-0.14,0.05,-0.55,-0.07,0.3
bd L6 R3 R4,0.48,0.11,-0.06,-0.08,-0.44,-0.14,0.3
bd L6 L0B R5,-0.09,0.04,0.22,-0.04,0.12,-0.05,-0.14
bd L6 R0B R5,0.26,0.17,0.21,-0.32,0.06,-0.24,0.11
bd L6 L5 R5,0.13,0.15,0.26,-0.35,0.05,-0.04,0.06
bd L6 L0G R5,0.01,-0.05,0.19,-0.12,-0.02,0.12,-0.05
bd L6 R0G R5,0.16,0.01,0.19,-0.31,-0.05,0.02,0.18
bd L6 L4 R5,0.5,0.05,-0.02,-0.17,-0.4,0.05,0.15
bd L6 L0R R5,0.37,-0.07,-0.0,-0.05,-0.49,0.12,0.23
bd L6 R0R R5,0.56,0.09,-0.03,-0.13,-0.49,0.01,0.17
bd L6 L3 R5,0.5,0.01,-0.11,-0.0,-0.59,0.08,0.22
bd L6 L2 R5,0.52,0.04,-0.15,0.12,-0.67,0.04,0.18
bd L6 L1 R5,0.49,0.0,-0.22,0.18,-0.63,-0.03,0.22
bd L6 R1 R5,0.49,0.0,-0.22,0.18,-0.63,-0.03,0.22
bd L6 R2 R5,0.51,0.04,-0.14,0.05,-0.52,-0.13,0.27
bd L6 R3 R5,0.51,0.13,-0.08,-0.03,-0.41,-0.2,0.24
bd L6 R4 R5,0.42,0.12,-0.09,0.03,-0.3,-0.22,0.12
bd L6 L0B R6,-0.04,0.04,0.22,-0.07,0.12,-0.07,-0.13
bd L6 R0B R6,0.29,0.17,0.21,-0.34,0.06,-0.24,0.1
bd L6 L5 R6,0.2,0.14,0.27,-0.38,0.05,-0.07,0.05
bd L6 L0G R6,0.09,-0.04,0.2,-0.16,-0.01,0.07,-0.06
bd L6 R0G R6,0.22,0.01,0.2,-0.33,-0.04,-0.01,0.16
bd L6 L4 R6,0.52,0.05,0.01,-0.21,-0.34,0.01,0.13
bd L6 L0R R6,0.42,-0.05,0.03,-0.1,-0.42,0.07,0.19
bd L6 R0R R6,0.58,0.09,0.0,-0.17,-0.43,-0.03,0.14
bd L6 L3 R6,0.53,0.02,-0.06,-0.06,-0.51,0.03,0.18
bd L6 L2 R6,0.57,0.05,-0.09,0.03,-0.56,-0.03,0.14
bd L6 L1 R6,0.56,0.02,-0.13,0.07,-0.51,-0.1,0.17
bd L6 R1 R6,0.56,0.02,-0.13,0.07,-0.51,-0.1,0.17
bd L6 R2 R6,0.56,0.06,-0.03,-0.09,-0.33,-0.2,0.16
bd L6 R3 R6,0.55,0.11,0.05,-0.18,-0.18,-0.26,0.08
bd L6 R4 R6,0.52,0.1,0.08,-0.2,-0.05,-0.28,-0.02
bd L6 R5 R6,0.43,0.06,0.16,-0.27,0.1,-0.23,-0.1
bd L0B L5 L0G,0.16,0.22,0.06,-0.27,0.06,-0.15,0.12
bd L0B L5 R0G,-0.02,0.22,0.04,-0.05,0.13,-0.08,-0.19
bd L0B L5 L4,-0.29,0.12,0.18,-0.16,0.36,-0.07,-0.06
bd L0B L0G L4,-0.59,-0.09,0.18,0.09,0.43,0.08,-0.22
bd L0B R0G L4,-0.33,-0.02,0.19,-0.16,0.34,-0.03,0.08
bd L0B L5 L0R,-0.14,0.2,0.15,-0.26,0.36,-0.11,-0.09
bd L0B L0G L0R,-0.47,0.05,0.18,-0.06,0.54,0.02,-0.32
bd L0B R0G L0R,-0.16,0.1,0.16,-0.29,0.36,-0.08,0.04
bd L0B L4 L0R,0.43,0.31,-0.08,-0.32,0.09,-0.16,-0.15
bd L0B L5 R0R,-0.33,0.08,0.17,-0.18,0.42,-0.03,-0.06
bd L0B L0G R0R,-0.61,-0.12,0.16,0.05,0.48,0.11,-0.21
bd L0B R0G R0R,-0.41,-0.06,0.19,-0.2,0.44,0.01,0.07
bd L0B L4 R0R,-0.31,-0.12,-0.01,-0.1,0.37,0.13,-0.06
bd L0B L0R R0R,-0.6,-0.35,0.05,0.22,0.17,0.22,0.09
bd L0B L5 L3,-0.22,0.15,0.2,-0.26,0.4,-0.08,-0.08
bd L0B L0G L3,-0.51,-0.02,0.23,-0.08,0.53,0.06,-0.25
bd L0B R0G L3,-0.25,0.03,0.21,-0.29,0.39,-0.04,0.04
bd L0B L4 L3,0.13,0.19,0.16,-0.45,0.36,-0.07,-0.14
bd L0B L0R L3,-0.44,-0.19,0.28,-0.1,0.31,0.12,0.03
bd L0B R0R L3,0.36,0.26,0.15,-0.34,0.04,-0.17,-0.08
bd L0B L5 L2,-0.13,0.14,0.2,-0.35,0.35,-0.05,0.0
bd L0B L0G L2,-0.42,-0.06,0.23,-0.19,0.48,0.12,-0.16
bd L0B R0G L2,-0.13,0.02,0.2,-0.36,0.31,-0.0,0.13
bd L0B L4 L2,0.29,0.1,0.07,-0.45,0.09,0.02,0.07
bd L0B L0R L2,-0.08,-0.16,0.17,-0.26,0.05,0.18,0.22
bd L0B R0R L2,0.42,0.17,0.08,-0.38,-0.1,-0.05,0.09
bd L0B L3 L2,0.28,-0.02,-0.03,-0.26,-0.2,0.11,0.25
bd L0B L5 L1,-0.02,0.16,0.21,-0.41,0.25,-0.01,0.03
bd L0B L0G L1,-0.3,-0.06,0.25,-0.24,0.34,0.2,-0.14
bd L0B R0G L1,-0.02,0.02,0.2,-0.41,0.19,0.04,0.17
bd L0B L4 L1,0.44,0.11,0.06,-0.42,-0.15,0.09,0.1
bd L0B L0R L1,0.17,-0.11,0.15,-0.27,-0.24,0.24,0.23
bd L0B R0R L1,0.55,0.17,0.07,-0.36,-0.3,0.02,0.11
bd L0B L3 L1,0.44,0.04,-0.01,-0.23,-0.43,0.17,0.2
bd L0B L2 L1,0.46,0.13,0.04,-0.1,-0.54,0.17,0.0
bd L0B L5 R1,-0.02,0.16,0.21,-0.41,0.25,-0.01,0.03
bd L0B L0G R1,-0.3,-0.06,0.25,-0.24,0.34,0.2,-0.14
bd L0B R0G R1,-0.02,0.02,0.2,-0.41,0.19,0.04,0.17
bd L0B L4 R1,0.44,0.11,0.06,-0.42,-0.15,0.09,0.1
bd L0B L0R R1,0.17,-0.11,0.15,-0.27,-0.24,0.24,0.23
bd L0B R0R R1,0.55,0.17,0.07,-0.36,-0.3,0.02,0.11
bd L0B L3 R1,0.44,0.04,-0.01,-0.23,-0.43,0.17,0.2
bd L0B L2 R1,0.46,0.13,0.04,-0.1,-0.54,0.17,0.0
bd L0B L5 R2,0.1,0.14,0.14,-0.38,0.09,0.02,0.1
bd L0B L0G R2,-0.13,-0.14,0.16,-0.18,0.08,0.29,-0.06
bd L0B R0G R2,0.11,-0.02,0.13,-0.36,0.01,0.08,0.24
bd L0B L4 R2,0.5,0.05,-0.07,-0.23,-0.36,0.11,0.15
bd L0B L0R R2,0.33,-0.13,-0.03,-0.08,-0.49,0.23,0.26
bd L0B R0R R2,0.59,0.1,-0.06,-0.19,-0.48,0.06,0.16
bd L0B L3 R2,0.47,-0.01,-0.15,-0.02,-0.58,0.16,0.21
bd L0B L2 R2,0.46,0.02,-0.18,0.15,-0.67,0.15,0.1
bd L0B L1 R2,0.35,-0.05,-0.29,0.3,-0.6,0.09,0.13
bd L0B R1 R2,0.35,-0.05,-0.29,0.3,-0.6,0.09,0.13
bd L0B L5 R3,0.17,0.12,0.12,-0.37,0.01,0.02,0.14
bd L0B L0G R3,-0.0,-0.16,0.11,-0.15,-0.06,0.29,0.01
bd L0B R0G R3,0.18,-0.03,0.09,-0.33,-0.08,0.08,0.28
bd L0B L4 R3,0.51,0.02,-0.09,-0.18,-0.41,0.1,0.18
bd L0B L0R R3,0.37,-0.13,-0.06,-0.04,-0.53,0.2,0.27
bd L0B R0R R3,0.58,0.07,-0.08,-0.14,-0.51,0.05,0.19
bd L0B L3 R3,0.48,-0.03,-0.16,0.01,-0.6,0.13,0.23
bd L0B L2 R3,0.48,-0.01,-0.19,0.15,-0.68,0.11,0.16
bd L0B L1 R3,0.41,-0.07,-0.28,0.25,-0.63,0.06,0.2
bd L0B R1 R3,0.41,-0.07,-0.28,0.25,-0.63,0.06,0.2
bd L0B R2 R3,0.45,-0.07,-0.2,0.13,-0.54,-0.01,0.27
bd L0B L5 R4,0.21,0.12,0.11,-0.37,-0.04,0.02,0.17
bd L0B L0G R4,0.07,-0.15,0.09,-0.16,-0.13,0.27,0.06
bd L0B R0G R4,0.22,-0.03,0.08,-0.33,-0.12,0.07,0.29
bd L0B L4 R4,0.52,0.03,-0.1,-0.17,-0.43,0.08,0.2
bd L0B L0R R4,0.4,-0.11,-0.07,-0.05,-0.54,0.17,0.29
bd L0B R0R R4,0.58,0.07,-0.09,-0.13,-0.52,0.04,0.2
bd L0B L3 R4,0.5,-0.02,-0.16,0.0,-0.6,0.11,0.25
bd L0B L2 R4,0.51,0.01,-0.19,0.12,-0.68,0.08,0.19
bd L0B L1 R4,0.46,-0.03,-0.25,0.2,-0.63,0.03,0.24
bd L0B R1 R4,0.46,-0.03,-0.25,0.2,-0.63,0.03,0.24
bd L0B R2 R4,0.5,-0.01,-0.16,0.05,-0.55,-0.06,0.31
bd L0B R3 R4,0.49,0.1,-0.08,-0.08,-0.45,-0.13,0.32
bd L0B L5 R5,0.25,0.12,0.09,-0.36,-0.07,0.01,0.18
bd L0B L0G R5,0.14,-0.14,0.07,-0.15,-0.19,0.25,0.09
bd L0B R0G R5,0.25,-0.03,0.07,-0.31,-0.15,0.06,0.3
bd L0B L4 R5,0.53,0.03,-0.1,-0.16,-0.44,0.07,0.21
bd L0B L0R R5,0.43,-0.09,-0.08,-0.04,-0.55,0.14,0.29
bd L0B R0R R5,0.58,0.07,-0.09,-0.12,-0.52,0.03,0.21
bd L0B L3 R5,0.52,-0.01,-0.16,0.0,-0.6,0.09,0.25
bd L0B L2 R5,0.53,0.02,-0.19,0.12,-0.67,0.05,0.2
bd L0B L1 R5,0.49,-0.01,-0.25,0.18,-0.62,-0.01,0.24
bd L0B R1 R5,0.49,-0.01,-0.25,0.18,-0.62,-0.01,0.24
bd L0B R2 R5,0.52,0.03,-0.16,0.05,-0.53,-0.11,0.29
bd L0B R3 R5,0.52,0.12,-0.11,-0.03,-0.43,-0.19,0.26
bd L0B R4 R5,0.43,0.11,-0.11,0.03,-0.31,-0.2,0.14
bd L0B L5 R6,0.3,0.12,0.1,-0.39,-0.07,-0.01,0.18
bd L0B L0G R6,0.22,-0.13,0.08,-0.2,-0.17,0.19,0.08
bd L0B R0G R6,0.29,-0.02,0.08,-0.34,-0.14,0.04,0.29
bd L0B L4 R6,0.55,0.03,-0.08,-0.19,-0.4,0.04,0.19
bd L0B L0R R6,0.47,-0.08,-0.05,-0.09,-0.49,0.1,0.26
bd L0B R0R R6,0.6,0.07,-0.07,-0.15,-0.47,-0.0,0.19
bd L0B L3 R6,0.55,0.0,-0.13,-0.05,-0.54,0.05,0.23
bd L0B L2 R6,0.58,0.03,-0.14,0.04,-0.59,-0.01,0.17
bd L0B L1 R6,0.56,0.0,-0.17,0.07,-0.53,-0.08,0.19
bd L0B R1 R6,0.56,0.0,-0.17,0.07,-0.53,-0.08,0.19
bd L0B R2 R6,0.59,0.05,-0.06,-0.08,-0.36,-0.18,0.18
bd L0B R3 R6,0.58,0.1,0.02,-0.18,-0.21,-0.25,0.11
bd L0B R4 R6,0.55,0.09,0.06,-0.2,-0.08,-0.27,0.0
bd L0B R5 R6,0.45,0.06,0.14,-0.28,0.09,-0.23,-0.09
bd R0B L5 L0G,0.08,0.21,0.07,-0.23,0.08,-0.11,0.07
bd R0B L5 R0G,-0.14,0.16,0.04,0.04,0.14,-0.01,-0.25
bd R0B L5 L4,-0.46,0.06,0.17,-0.02,0.38,0.02,-0.16
bd R0B L0G L4,-0.62,-0.11,0.15,0.17,0.38,0.13,-0.26
bd R0B R0G L4,-0.49,-0.06,0.2,-0.06,0.38,0.04,-0.0
bd R0B L5 L0R,-0.35,0.15,0.16,-0.11,0.4,-0.01,-0.22
bd R0B L0G L0R,-0.55,-0.01,0.15,0.09,0.46,0.11,-0.36
bd R0B R0G L0R,-0.38,0.06,0.19,-0.19,0.44,0.0,-0.07
bd R0B L4 L0R,0.39,0.32,-0.08,-0.29,0.11,-0.13,-0.2
bd R0B L5 R0R,-0.5,0.02,0.16,-0.03,0.42,0.06,-0.17
bd R0B L0G R0R,-0.63,-0.14,0.13,0.14,0.41,0.16,-0.25
bd R0B R0G R0R,-0.59,-0.11,0.19,-0.07,0.47,0.1,-0.03
bd R0B L4 R0R,-0.37,-0.13,-0.01,-0.03,0.35,0.16,-0.1
bd R0B L0R R0R,-0.6,-0.35,0.05,0.22,0.17,0.22,0.09
bd R0B L5 L3,-0.43,0.09,0.2,-0.1,0.43,0.03,-0.2
bd R0B L0G L3,-0.59,-0.07,0.19,0.07,0.45,0.13,-0.3
bd R0B R0G L3,-0.46,-0.02,0.23,-0.17,0.46,0.05,-0.07
bd R0B L4 L3,-0.05,0.16,0.17,-0.35,0.42,0.01,-0.26
bd R0B L0R L3,-0.51,-0.2,0.26,-0.02,0.3,0.16,-0.03
bd R0B R0R L3,0.31,0.27,0.17,-0.31,0.06,-0.14,-0.15
bd R0B L5 L2,-0.41,0.06,0.21,-0.16,0.41,0.09,-0.17
bd R0B L0G L2,-0.55,-0.11,0.18,0.03,0.4,0.2,-0.26
bd R0B R0G L2,-0.41,-0.06,0.23,-0.24,0.4,0.12,0.0
bd R0B L4 L2,0.12,0.06,0.09,-0.36,0.14,0.12,-0.04
bd R0B L0R L2,-0.25,-0.2,0.17,-0.14,0.08,0.25,0.12
bd R0B R0R L2,0.36,0.16,0.1,-0.35,-0.09,0.01,0.02
bd R0B L3 L2,0.18,-0.05,-0.03,-0.2,-0.19,0.18,0.2
bd R0B L5 L1,-0.36,0.07,0.22,-0.18,0.33,0.15,-0.17
bd R0B L0G L1,-0.47,-0.12,0.18,0.03,0.28,0.27,-0.26
bd R0B R0G L1,-0.35,-0.07,0.26,-0.28,0.3,0.21,0.03
bd R0B L4 L1,0.29,0.07,0.07,-0.32,-0.13,0.2,-0.02
bd R0B L0R L1,-0.02,-0.16,0.15,-0.13,-0.2,0.32,0.11
bd R0B R0R L1,0.5,0.17,0.09,-0.32,-0.33,0.1,0.03
bd R0B L3 L1,0.34,0.01,-0.01,-0.15,-0.43,0.24,0.13
bd R0B L2 L1,0.39,0.12,0.04,-0.05,-0.52,0.2,-0.04
bd R0B L5 R1,-0.36,0.07,0.22,-0.18,0.33,0.15,-0.17
bd R0B L0G R1,-0.47,-0.12,0.18,0.03,0.28,0.27,-0.26
bd R0B R0G R1,-0.35,-0.07,0.26,-0.28,0.3,0.21,0.03
bd R0B L4 R1,0.29,0.07,0.07,-0.32,-0.13,0.2,-0.02
bd R0B L0R R1,-0.02,-0.16,0.15,-0.13,-0.2,0.32,0.11
bd R0B R0R R1,0.5,0.17,0.09,-0.32,-0.33,0.1,0.03
bd R0B L3 R1,0.34,0.01,-0.01,-0.15,-0.43,0.24,0.13
bd R0B L2 R1,0.39,0.12,0.04,-0.05,-0.52,0.2,-0.04
bd R0B L5 R2,-0.29,0.02,0.17,-0.12,0.17,0.23,-0.14
bd R0B L0G R2,-0.39,-0.19,0.11,0.11,0.1,0.34,-0.23
bd R0B R0G R2,-0.24,-0.15,0.18,-0.21,0.08,0.31,0.1
bd R0B L4 R2,0.37,-0.0,-0.07,-0.11,-0.37,0.22,0.05
bd R0B L0R R2,0.15,-0.18,-0.02,0.05,-0.46,0.32,0.15
bd R0B R0R R2,0.53,0.08,-0.06,-0.1,-0.53,0.14,0.09
bd R0B L3 R2,0.38,-0.04,-0.15,0.06,-0.58,0.22,0.15
bd R0B L2 R2,0.38,0.01,-0.17,0.2,-0.65,0.18,0.05
bd R0B L1 R2,0.28,-0.07,-0.29,0.34,-0.59,0.12,0.09
bd R0B R1 R2,0.28,-0.07,-0.29,0.34,-0.59,0.12,0.09
bd R0B L5 R3,-0.24,-0.01,0.14,-0.1,0.08,0.26,-0.1
bd R0B L0G R3,-0.32,-0.21,0.07,0.14,0.01,0.35,-0.19
bd R0B R0G R3,-0.15,-0.19,0.14,-0.18,-0.05,0.33,0.15
bd R0B L4 R3,0.4,-0.03,-0.1,-0.06,-0.43,0.19,0.09
bd R0B L0R R3,0.22,-0.18,-0.06,0.08,-0.51,0.28,0.18
bd R0B R0R R3,0.52,0.04,-0.09,-0.05,-0.56,0.13,0.12
bd R0B L3 R3,0.4,-0.06,-0.17,0.09,-0.6,0.19,0.18
bd R0B L2 R3,0.41,-0.02,-0.19,0.21,-0.67,0.15,0.11
bd R0B L1 R3,0.36,-0.08,-0.28,0.3,-0.63,0.09,0.16
bd R0B R1 R3,0.36,-0.08,-0.28,0.3,-0.63,0.09,0.16
bd R0B R2 R3,0.4,-0.09,-0.2,0.17,-0.55,0.01,0.24
bd R0B L5 R4,-0.19,-0.01,0.14,-0.11,0.02,0.26,-0.07
bd R0B L0G R4,-0.27,-0.21,0.07,0.14,-0.04,0.36,-0.16
bd R0B R0G R4,-0.08,-0.18,0.12,-0.18,-0.11,0.32,0.19
bd R0B L4 R4,0.42,-0.02,-0.1,-0.06,-0.45,0.18,0.12
bd R0B L0R R4,0.26,-0.16,-0.07,0.06,-0.53,0.25,0.21
bd R0B R0R R4,0.53,0.04,-0.09,-0.05,-0.57,0.11,0.15
bd R0B L3 R4,0.42,-0.04,-0.16,0.07,-0.61,0.17,0.2
bd R0B L2 R4,0.44,-0.01,-0.19,0.18,-0.68,0.12,0.15
bd R0B L1 R4,0.41,-0.05,-0.26,0.25,-0.64,0.06,0.2
bd R0B R1 R4,0.41,-0.05,-0.26,0.25,-0.64,0.06,0.2
bd R0B R2 R4,0.47,-0.02,-0.17,0.1,-0.57,-0.03,0.29
bd R0B R3 R4,0.47,0.1,-0.08,-0.05,-0.47,-0.11,0.31
bd R0B L5 R5,-0.14,-0.01,0.12,-0.11,-0.02,0.26,-0.05
bd R0B L0G R5,-0.23,-0.22,0.05,0.14,-0.09,0.35,-0.14
bd R0B R0G R5,-0.02,-0.18,0.1,-0.17,-0.16,0.3,0.2
bd R0B L4 R5,0.43,-0.02,-0.11,-0.05,-0.47,0.15,0.13
bd R0B L0R R5,0.3,-0.14,-0.08,0.07,-0.55,0.22,0.21
bd R0B R0R R5,0.53,0.04,-0.1,-0.04,-0.57,0.09,0.15
bd R0B L3 R5,0.45,-0.04,-0.17,0.08,-0.62,0.14,0.2
bd R0B L2 R5,0.47,0.0,-0.19,0.18,-0.68,0.09,0.16
bd R0B L1 R5,0.44,-0.03,-0.25,0.23,-0.64,0.02,0.21
bd R0B R1 R5,0.44,-0.03,-0.25,0.23,-0.64,0.02,0.21
bd R0B R2 R5,0.49,0.02,-0.17,0.1,-0.55,-0.09,0.26
bd R0B R3 R5,0.49,0.11,-0.12,0.01,-0.45,-0.17,0.24
bd R0B R4 R5,0.4,0.1,-0.12,0.07,-0.31,-0.19,0.11
bd R0B L5 R6,-0.07,-0.01,0.14,-0.15,-0.02,0.23,-0.06
bd R0B L0G R6,-0.15,-0.21,0.07,0.1,-0.08,0.31,-0.14
bd R0B R0G R6,0.06,-0.17,0.12,-0.21,-0.15,0.26,0.18
bd R0B L4 R6,0.46,-0.01,-0.08,-0.09,-0.42,0.12,0.11
bd R0B L0R R6,0.35,-0.13,-0.05,0.01,-0.49,0.17,0.18
bd R0B R0R R6,0.55,0.04,-0.07,-0.08,-0.51,0.06,0.13
bd R0B L3 R6,0.49,-0.03,-0.13,0.02,-0.56,0.1,0.17
bd R0B L2 R6,0.53,0.01,-0.14,0.09,-0.6,0.03,0.12
bd R0B L1 R6,0.52,-0.01,-0.18,0.13,-0.54,-0.05,0.15
bd R0B R1 R6,0.52,-0.01,-0.18,0.13,-0.54,-0.05,0.15
bd R0B R2 R6,0.55,0.03,-0.06,-0.04,-0.36,-0.16,0.15
bd R0B R3 R6,0.55,0.09,0.02,-0.15,-0.21,-0.23,0.08
bd R0B R4 R6,0.51,0.08,0.06,-0.17,-0.07,-0.26,-0.03
bd R0B R5 R6,0.42,0.05,0.14,-0.26,0.09,-0.21,-0.11
bd L5 L0B L6,-0.22,-0.02,0.1,0.18,0.13,-0.05,-0.21
bd L5 R0B L6,0.24,0.16,0.11,-0.2,0.08,-0.31,0.09
bd L5 L0G L4,-0.41,-0.21,0.05,0.26,0.17,0.15,-0.21
bd L5 R0G L4,-0.22,-0.17,0.11,-0.08,0.15,0.04,0.18
bd L5 L0G L0R,-0.33,-0.17,0.02,0.23,0.17,0.13,-0.24
bd L5 R0G L0R,-0.09,-0.11,0.07,-0.15,0.14,0.01,0.17
bd L5 L4 L0R,0.5,0.27,-0.13,-0.25,-0.02,-0.14,-0.13
bd L5 L0G R0R,-0.4,-0.23,0.03,0.24,0.18,0.16,-0.2
bd L5 R0G R0R,-0.25,-0.22,0.09,-0.09,0.19,0.07,0.19
bd L5 L4 R0R,-0.19,-0.16,-0.08,-0.02,0.22,0.14,-0.04
bd L5 L0R R0R,-0.59,-0.35,0.05,0.22,0.17,0.22,0.09
bd L5 L0G L3,-0.34,-0.2,0.05,0.21,0.17,0.15,-0.22
bd L5 R0G L3,-0.13,-0.15,0.1,-0.14,0.15,0.04,0.17
bd L5 L4 L3,0.32,0.1,0.02,-0.3,0.11,-0.04,-0.11
bd L5 L0R L3,-0.38,-0.28,0.2,0.03,0.15,0.16,0.07
bd L5 R0R L3,0.46,0.23,0.09,-0.26,-0.09,-0.16,-0.06
bd L5 L0G L2,-0.27,-0.21,0.02,0.2,0.1,0.16,-0.17
bd L5 R0G L2,-0.05,-0.17,0.07,-0.14,0.06,0.06,0.21
bd L5 L4 L2,0.38,0.01,-0.06,-0.22,-0.14,0.05,0.08
bd L5 L0R L2,0.0,-0.24,0.05,-0.05,-0.15,0.19,0.21
bd L5 R0R L2,0.49,0.11,-0.01,-0.23,-0.26,-0.03,0.1
bd L5 L3 L2,0.31,-0.07,-0.1,-0.11,-0.31,0.12,0.23
bd L5 L0G L1,-0.21,-0.21,0.01,0.2,0.03,0.17,-0.16
bd L5 R0G L1,0.01,-0.17,0.06,-0.14,-0.02,0.08,0.22
bd L5 L4 L1,0.45,0.01,-0.07,-0.17,-0.3,0.09,0.08
bd L5 L0R L1,0.18,-0.18,0.02,-0.03,-0.35,0.21,0.19
bd L5 R0R L1,0.56,0.1,-0.02,-0.18,-0.41,0.02,0.1
bd L5 L3 L1,0.41,-0.02,-0.08,-0.07,-0.47,0.15,0.17
bd L5 L2 L1,0.43,0.09,-0.01,-0.01,-0.55,0.16,0.0
bd L5 L0G R1,-0.21,-0.21,0.01,0.2,0.03,0.17,-0.16
bd L5 R0G R1,0.01,-0.17,0.06,-0.14,-0.02,0.08,0.22
bd L5 L4 R1,0.45,0.01,-0.07,-0.17,-0.3,0.09,0.08
bd L5 L0R R1,0.18,-0.18,0.02,-0.03,-0.35,0.21,0.19
bd L5 R0R R1,0.56,0.1,-0.02,-0.18,-0.41,0.02,0.1
bd L5 L3 R1,0.41,-0.02,-0.08,-0.07,-0.47,0.15,0.17
bd L5 L2 R1,0.43,0.09,-0.01,-0.01,-0.55,0.16,0.0
bd L5 L0G R2,-0.17,-0.22,-0.02,0.22,-0.03,0.18,-0.14
bd L5 R0G R2,0.06,-0.19,0.02,-0.09,-0.1,0.1,0.24
bd L5 L4 R2,0.46,-0.03,-0.14,-0.04,-0.41,0.1,0.11
bd L5 L0R R2,0.27,-0.18,-0.09,0.09,-0.49,0.2,0.2
bd L5 R0R R2,0.55,0.04,-0.11,-0.04,-0.52,0.05,0.13
bd L5 L3 R2,0.42,-0.06,-0.18,0.08,-0.57,0.14,0.18
bd L5 L2 R2,0.42,-0.01,-0.19,0.21,-0.65,0.13,0.08
bd L5 L1 R2,0.33,-0.08,-0.31,0.34,-0.6,0.08,0.12
bd L5 R1 R2,0.33,-0.08,-0.31,0.34,-0.6,0.08,0.12
bd L5 L0G R3,-0.14,-0.23,-0.03,0.23,-0.06,0.18,-0.12
bd L5 R0G R3,0.09,-0.19,0.0,-0.08,-0.13,0.1,0.25
bd L5 L4 R3,0.46,-0.04,-0.15,-0.02,-0.44,0.09,0.13
bd L5 L0R R3,0.3,-0.18,-0.11,0.1,-0.51,0.18,0.21
bd L5 R0R R3,0.54,0.02,-0.13,-0.01,-0.53,0.05,0.15
bd L5 L3 R3,0.43,-0.07,-0.19,0.1,-0.58,0.12,0.19
bd L5 L2 R3,0.44,-0.04,-0.21,0.21,-0.66,0.1,0.14
bd L5 L1 R3,0.39,-0.09,-0.29,0.3,-0.62,0.05,0.18
bd L5 R1 R3,0.39,-0.09,-0.29,0.3,-0.62,0.05,0.18
bd L5 R2 R3,0.42,-0.09,-0.21,0.17,-0.54,-0.01,0.25
bd L5 L0G R4,-0.13,-0.23,-0.03,0.22,-0.07,0.18,-0.11
bd L5 R0G R4,0.1,-0.19,0.0,-0.08,-0.15,0.09,0.25
bd L5 L4 R4,0.47,-0.03,-0.15,-0.02,-0.45,0.08,0.15
bd L5 L0R R4,0.33,-0.16,-0.11,0.1,-0.52,0.16,0.22
bd L5 R0R R4,0.54,0.02,-0.13,-0.01,-0.54,0.04,0.16
bd L5 L3 R4,0.45,-0.06,-0.19,0.09,-0.59,0.11,0.21
bd L5 L2 R4,0.46,-0.02,-0.2,0.19,-0.66,0.08,0.17
bd L5 L1 R4,0.42,-0.06,-0.27,0.25,-0.62,0.03,0.21
bd L5 R1 R4,0.42,-0.06,-0.27,0.25,-0.62,0.03,0.21
bd L5 R2 R4,0.47,-0.03,-0.18,0.1,-0.55,-0.05,0.29
bd L5 R3 R4,0.48,0.08,-0.1,-0.03,-0.46,-0.13,0.31
bd L5 L0G R5,-0.11,-0.23,-0.04,0.23,-0.09,0.18,-0.11
bd L5 R0G R5,0.12,-0.18,-0.01,-0.08,-0.16,0.09,0.26
bd L5 L4 R5,0.48,-0.03,-0.16,-0.01,-0.46,0.07,0.15
bd L5 L0R R5,0.35,-0.15,-0.12,0.1,-0.53,0.14,0.23
bd L5 R0R R5,0.55,0.02,-0.14,-0.01,-0.54,0.03,0.17
bd L5 L3 R5,0.46,-0.05,-0.19,0.1,-0.59,0.09,0.21
bd L5 L2 R5,0.48,-0.01,-0.21,0.18,-0.66,0.05,0.18
bd L5 L1 R5,0.45,-0.04,-0.26,0.23,-0.62,-0.01,0.22
bd L5 R1 R5,0.45,-0.04,-0.26,0.23,-0.62,-0.01,0.22
bd L5 R2 R5,0.5,-0.0,-0.18,0.1,-0.53,-0.1,0.27
bd L5 R3 R5,0.5,0.08,-0.13,0.03,-0.44,-0.18,0.25
bd L5 R4 R5,0.42,0.08,-0.14,0.08,-0.33,-0.2,0.14
bd L5 L0G R6,-0.09,-0.22,-0.03,0.21,-0.08,0.17,-0.11
bd L5 R0G R6,0.13,-0.18,-0.0,-0.09,-0.15,0.08,0.25
bd L5 L4 R6,0.49,-0.03,-0.14,-0.03,-0.43,0.05,0.14
bd L5 L0R R6,0.38,-0.14,-0.1,0.06,-0.5,0.11,0.21
bd L5 R0R R6,0.56,0.02,-0.11,-0.03,-0.5,0.01,0.15
bd L5 L3 R6,0.49,-0.04,-0.16,0.06,-0.55,0.06,0.19
bd L5 L2 R6,0.53,-0.01,-0.16,0.12,-0.59,0.0,0.15
bd L5 L1 R6,0.52,-0.03,-0.2,0.14,-0.53,-0.07,0.17
bd L5 R1 R6,0.52,-0.03,-0.2,0.14,-0.53,-0.07,0.17
bd L5 R2 R6,0.55,0.01,-0.09,-0.02,-0.37,-0.17,0.17
bd L5 R3 R6,0.56,0.07,-0.01,-0.12,-0.22,-0.24,0.1
bd L5 R4 R6,0.53,0.06,0.04,-0.15,-0.09,-0.27,-0.0
bd L5 R5 R6,0.44,0.04,0.13,-0.25,0.08,-0.22,-0.09
bd L0G L0B L6,-0.21,0.13,0.17,0.05,0.23,-0.19,-0.18
bd L0G R0B L6,0.27,0.27,0.14,-0.31,0.12,-0.37,0.14
bd L0G L5 L6,0.13,0.25,0.09,-0.28,0.09,-0.18,0.1
bd L0G L5 L0B,0.16,0.22,0.06,-0.27,0.06,-0.15,0.12
bd L0G L5 R0B,0.08,0.21,0.07,-0.23,0.08,-0.11,0.07
bd L0G L4 L0R,0.53,0.28,-0.12,-0.28,-0.06,-0.16,-0.05
bd L0G L4 R0R,0.0,-0.07,-0.1,-0.15,0.16,0.07,0.05
bd L0G L0R R0R,-0.59,-0.35,0.05,0.22,0.17,0.22,0.09
bd L0G L4 L3,0.5,0.21,-0.02,-0.39,-0.02,-0.12,0.05
bd L0G L0R L3,-0.26,-0.25,0.23,-0.09,0.09,0.12,0.21
bd L0G R0R L3,0.52,0.26,0.07,-0.3,-0.13,-0.18,0.01
bd L0G L4 L2,0.54,0.13,-0.08,-0.33,-0.21,-0.05,0.18
bd L0G L0R L2,0.21,-0.17,0.04,-0.2,-0.26,0.13,0.38
bd L0G R0R L2,0.58,0.17,-0.02,-0.29,-0.29,-0.09,0.16
bd L0G L3 L2,0.44,-0.0,-0.12,-0.19,-0.36,0.06,0.31
bd L0G L4 L1,0.6,0.12,-0.08,-0.29,-0.34,-0.01,0.19
bd L0G L0R L1,0.38,-0.1,0.01,-0.17,-0.47,0.16,0.35
bd L0G R0R L1,0.64,0.17,-0.03,-0.26,-0.42,-0.05,0.17
bd L0G L3 L1,0.53,0.04,-0.1,-0.14,-0.53,0.1,0.25
bd L0G L2 L1,0.52,0.12,-0.01,-0.05,-0.59,0.13,0.05
bd L0G L4 R1,0.6,0.12,-0.08,-0.29,-0.34,-0.01,0.19
bd L0G L0R R1,0.38,-0.1,0.01,-0.17,-0.47,0.16,0.35
bd L0G R0R R1,0.64,0.17,-0.03,-0.26,-0.42,-0.05,0.17
bd L0G L3 R1,0.53,0.04,-0.1,-0.14,-0.53,0.1,0.25
bd L0G L2 R1,0.52,0.12,-0.01,-0.05,-0.59,0.13,0.05
bd L0G L4 R2,0.59,0.08,-0.14,-0.17,-0.43,0.01,0.2
bd L0G L0R R2,0.44,-0.1,-0.1,-0.02,-0.58,0.14,0.33
bd L0G R0R R2,0.63,0.12,-0.11,-0.13,-0.52,-0.02,0.2
bd L0G L3 R2,0.52,0.0,-0.19,0.01,-0.61,0.09,0.25
bd L0G L2 R2,0.49,0.02,-0.2,0.16,-0.67,0.1,0.13
bd L0G L1 R2,0.38,-0.05,-0.3,0.29,-0.6,0.05,0.15
bd L0G R1 R2,0.38,-0.05,-0.3,0.29,-0.6,0.05,0.15
bd L0G L4 R3,0.58,0.07,-0.15,-0.14,-0.45,0.0,0.21
bd L0G L0R R3,0.45,-0.1,-0.12,0.0,-0.58,0.12,0.32
bd L0G R0R R3,0.62,0.1,-0.13,-0.1,-0.53,-0.02,0.21
bd L0G L3 R3,0.52,-0.01,-0.2,0.04,-0.61,0.08,0.26
bd L0G L2 R3,0.5,0.0,-0.22,0.16,-0.67,0.07,0.18
bd L0G L1 R3,0.43,-0.06,-0.29,0.25,-0.62,0.02,0.21
bd L0G R1 R3,0.43,-0.06,-0.29,0.25,-0.62,0.02,0.21
bd L0G R2 R3,0.46,-0.07,-0.21,0.13,-0.54,-0.04,0.28
bd L0G L4 R4,0.58,0.07,-0.15,-0.13,-0.46,-0.0,0.22
bd L0G L0R R4,0.46,-0.09,-0.12,-0.0,-0.59,0.1,0.33
bd L0G R0R R4,0.62,0.1,-0.13,-0.1,-0.53,-0.02,0.22
bd L0G L3 R4,0.53,-0.0,-0.2,0.03,-0.61,0.06,0.27
bd L0G L2 R4,0.52,0.01,-0.21,0.14,-0.67,0.04,0.21
bd L0G L1 R4,0.47,-0.03,-0.27,0.2,-0.62,-0.01,0.25
bd L0G R1 R4,0.47,-0.03,-0.27,0.2,-0.62,-0.01,0.25
bd L0G R2 R4,0.51,-0.01,-0.18,0.06,-0.55,-0.08,0.32
bd L0G R3 R4,0.51,0.1,-0.1,-0.07,-0.45,-0.15,0.33
bd L0G L4 R5,0.58,0.07,-0.16,-0.13,-0.46,-0.01,0.22
bd L0G L0R R5,0.47,-0.08,-0.13,0.0,-0.59,0.08,0.33
bd L0G R0R R5,0.62,0.1,-0.13,-0.09,-0.53,-0.03,0.22
bd L0G L3 R5,0.54,0.01,-0.2,0.03,-0.61,0.04,0.27
bd L0G L2 R5,0.54,0.02,-0.21,0.13,-0.66,0.01,0.21
bd L0G L1 R5,0.49,-0.01,-0.26,0.19,-0.61,-0.04,0.25
bd L0G R1 R5,0.49,-0.01,-0.26,0.19,-0.61,-0.04,0.25
bd L0G R2 R5,0.53,0.03,-0.18,0.06,-0.51,-0.13,0.29
bd L0G R3 R5,0.52,0.11,-0.13,-0.02,-0.42,-0.2,0.27
bd L0G R4 R5,0.44,0.1,-0.13,0.03,-0.3,-0.21,0.15
bd L0G L4 R6,0.6,0.07,-0.14,-0.14,-0.43,-0.03,0.21
bd L0G L0R R6,0.5,-0.07,-0.11,-0.03,-0.55,0.05,0.31
bd L0G R0R R6,0.63,0.1,-0.11,-0.11,-0.5,-0.05,0.21
bd L0G L3 R6,0.57,0.01,-0.17,-0.01,-0.57,0.01,0.25
bd L0G L2 R6,0.58,0.03,-0.17,0.07,-0.6,-0.03,0.19
bd L0G L1 R6,0.56,0.0,-0.2,0.1,-0.53,-0.1,0.21
bd L0G R1 R6,0.56,0.0,-0.2,0.1,-0.53,-0.1,0.21
bd L0G R2 R6,0.59,0.04,-0.09,-0.06,-0.37,-0.2,0.2
bd L0G R3 R6,0.59,0.1,-0.01,-0.16,-0.22,-0.27,0.13
bd L0G R4 R6,0.56,0.09,0.03,-0.19,-0.09,-0.29,0.02
bd L0G R5 R6,0.47,0.05,0.13,-0.28,0.08,-0.24,-0.08
bd R0G L0B L6,-0.24,0.06,0.11,0.17,0.19,-0.09,-0.28
bd R0G R0B L6,0.22,0.29,0.15,-0.21,0.18,-0.4,-0.02
bd R0G L5 L6,-0.09,0.22,0.07,-0.01,0.17,-0.1,-0.25
bd R0G L5 L0B,-0.02,0.22,0.04,-0.05,0.13,-0.08,-0.19
bd R0G L5 R0B,-0.14,0.16,0.04,0.04,0.14,-0.01,-0.25
bd R0G L4 L0R,0.49,0.28,-0.14,-0.21,-0.04,-0.13,-0.16
bd R0G L4 R0R,-0.1,-0.08,-0.09,0.0,0.15,0.11,-0.1
bd R0G L0R R0R,-0.59,-0.35,0.05,0.22,0.17,0.22,0.09
bd R0G L4 L3,0.37,0.18,-0.03,-0.21,0.02,-0.05,-0.2
bd R0G L0R L3,-0.37,-0.25,0.19,0.07,0.12,0.17,0.0
bd R0G R0R L3,0.54,0.29,0.07,-0.25,-0.14,-0.18,-0.12
bd R0G L4 L2,0.43,0.09,-0.1,-0.16,-0.18,0.02,-0.03
bd R0G L0R L2,0.04,-0.2,0.02,0.01,-0.21,0.2,0.14
bd R0G R0R L2,0.6,0.18,-0.04,-0.21,-0.32,-0.06,0.03
bd R0G L3 L2,0.35,-0.03,-0.13,-0.08,-0.35,0.11,0.19
bd R0G L4 L1,0.48,0.09,-0.1,-0.11,-0.31,0.05,-0.01
bd R0G L0R L1,0.21,-0.13,-0.01,0.03,-0.39,0.2,0.12
bd R0G R0R L1,0.63,0.17,-0.05,-0.15,-0.46,-0.0,0.03
bd R0G L3 L1,0.44,0.02,-0.11,-0.04,-0.49,0.14,0.12
bd R0G L2 L1,0.43,0.11,-0.02,0.01,-0.54,0.14,-0.03
bd R0G L4 R1,0.48,0.09,-0.1,-0.11,-0.31,0.05,-0.01
bd R0G L0R R1,0.21,-0.13,-0.01,0.03,-0.39,0.2,0.12
bd R0G R0R R1,0.63,0.17,-0.05,-0.15,-0.46,-0.0,0.03
bd R0G L3 R1,0.44,0.02,-0.11,-0.04,-0.49,0.14,0.12
bd R0G L2 R1,0.43,0.11,-0.02,0.01,-0.54,0.14,-0.03
bd R0G L4 R2,0.48,0.05,-0.16,-0.01,-0.41,0.06,0.02
bd R0G L0R R2,0.29,-0.13,-0.11,0.13,-0.51,0.18,0.13
bd R0G R0R R2,0.6,0.11,-0.14,-0.02,-0.55,0.03,0.06
bd R0G L3 R2,0.44,-0.02,-0.19,0.11,-0.58,0.13,0.13
bd R0G L2 R2,0.42,0.01,-0.2,0.22,-0.63,0.12,0.05
bd R0G L1 R2,0.33,-0.06,-0.31,0.35,-0.58,0.07,0.09
bd R0G R1 R2,0.33,-0.06,-0.31,0.35,-0.58,0.07,0.09
bd R0G L4 R3,0.48,0.03,-0.17,0.02,-0.43,0.06,0.04
bd R0G L0R R3,0.32,-0.13,-0.13,0.15,-0.54,0.16,0.15
bd R0G R0R R3,0.59,0.08,-0.15,0.01,-0.56,0.02,0.09
bd R0G L3 R3,0.45,-0.03,-0.21,0.13,-0.59,0.11,0.15
bd R0G L2 R3,0.44,-0.01,-0.22,0.22,-0.65,0.09,0.1
bd R0G L1 R3,0.39,-0.07,-0.3,0.31,-0.61,0.05,0.15
bd R0G R1 R3,0.39,-0.07,-0.3,0.31,-0.61,0.05,0.15
bd R0G R2 R3,0.43,-0.08,-0.22,0.18,-0.54,-0.02,0.23
bd R0G L4 R4,0.49,0.04,-0.17,0.01,-0.44,0.05,0.06
bd R0G L0R R4,0.34,-0.12,-0.13,0.14,-0.55,0.15,0.16
bd R0G R0R R4,0.59,0.08,-0.15,0.01,-0.56,0.02,0.1
bd R0G L3 R4,0.46,-0.02,-0.2,0.12,-0.6,0.09,0.16
bd R0G L2 R4,0.46,0.0,-0.21,0.2,-0.65,0.07,0.13
bd R0G L1 R4,0.43,-0.04,-0.28,0.26,-0.62,0.02,0.18
bd R0G R1 R4,0.43,-0.04,-0.28,0.26,-0.62,0.02,0.18
bd R0G R2 R4,0.49,-0.02,-0.19,0.11,-0.56,-0.06,0.27
bd R0G R3 R4,0.5,0.09,-0.11,-0.03,-0.47,-0.14,0.29
bd R0G L4 R5,0.5,0.04,-0.18,0.02,-0.45,0.04,0.06
bd R0G L0R R5,0.36,-0.11,-0.14,0.14,-0.56,0.13,0.17
bd R0G R0R R5,0.59,0.08,-0.16,0.02,-0.56,0.0,0.11
bd R0G L3 R5,0.48,-0.01,-0.21,0.12,-0.6,0.08,0.17
bd R0G L2 R5,0.48,0.01,-0.22,0.2,-0.65,0.04,0.14
bd R0G L1 R5,0.46,-0.02,-0.27,0.25,-0.61,-0.02,0.18
bd R0G R1 R5,0.46,-0.02,-0.27,0.25,-0.61,-0.02,0.18
bd R0G R2 R5,0.51,0.02,-0.19,0.12,-0.53,-0.12,0.24
bd R0G R3 R5,0.51,0.11,-0.14,0.04,-0.44,-0.19,0.22
bd R0G R4 R5,0.42,0.1,-0.14,0.08,-0.31,-0.21,0.1
bd R0G L4 R6,0.51,0.04,-0.16,0.0,-0.43,0.02,0.05
bd R0G L0R R6,0.39,-0.1,-0.12,0.11,-0.52,0.1,0.15
bd R0G R0R R6,0.6,0.08,-0.14,-0.0,-0.53,-0.02,0.09
bd R0G L3 R6,0.51,-0.01,-0.18,0.08,-0.56,0.04,0.15
bd R0G L2 R6,0.53,0.02,-0.17,0.14,-0.58,-0.01,0.11
bd R0G L1 R6,0.52,-0.01,-0.21,0.16,-0.53,-0.08,0.14
bd R0G R1 R6,0.52,-0.01,-0.21,0.16,-0.53,-0.08,0.14
bd R0G R2 R6,0.57,0.03,-0.1,-0.01,-0.37,-0.18,0.15
bd R0G R3 R6,0.56,0.09,-0.01,-0.12,-0.22,-0.25,0.07
bd R0G R4 R6,0.53,0.08,0.03,-0.14,-0.08,-0.27,-0.03
bd R0G R5 R6,0.44,0.05,0.13,-0.24,0.09,-0.23,-0.11
bd L4 L0B L6,-0.4,0.06,0.19,0.08,0.35,-0.1,-0.23
bd L4 R0B L6,-0.11,0.18,0.21,-0.18,0.35,-0.29,-0.03
bd L4 L5 L6,-0.39,0.11,0.22,-0.09,0.41,-0.09,-0.13
bd L4 L0G L6,-0.56,-0.05,0.2,0.1,0.42,0.03,-0.23
bd L4 R0G L6,-0.4,-0.0,0.22,-0.11,0.38,-0.05,0.0
bd L4 L5 L0B,-0.29,0.12,0.18,-0.16,0.36,-0.07,-0.06
bd L4 L0G L0B,-0.59,-0.09,0.18,0.09,0.43,0.08,-0.22
bd L4 R0G L0B,-0.33,-0.02,0.19,-0.16,0.34,-0.03,0.08
bd L4 L5 R0B,-0.46,0.06,0.17,-0.02,0.38,0.02,-0.16
bd L4 L0G R0B,-0.62,-0.11,0.15,0.17,0.38,0.13,-0.26
bd L4 R0G R0B,-0.49,-0.06,0.2,-0.06,0.38,0.04,-0.0
bd L4 L0G L5,-0.41,-0.21,0.05,0.26,0.17,0.15,-0.21
bd L4 R0G L5,-0.22,-0.17,0.11,-0.08,0.15,0.04,0.18
bd L4 L0R R0R,-0.6,-0.35,0.05,0.22,0.17,0.22,0.09
bd L4 L0R L3,-0.5,-0.31,0.16,0.19,0.06,0.16,0.13
bd L4 R0R L3,0.4,0.21,0.09,-0.15,-0.19,-0.17,-0.01
bd L4 L0R L2,-0.41,-0.34,0.12,0.19,-0.07,0.2,0.22
bd L4 R0R L2,0.44,0.16,0.04,-0.12,-0.32,-0.11,0.1
bd L4 L3 L2,0.2,-0.14,-0.14,0.04,-0.44,0.16,0.34
bd L4 L0R L1,-0.34,-0.33,0.11,0.21,-0.17,0.22,0.22
bd L4 R0R L1,0.5,0.16,0.03,-0.1,-0.42,-0.08,0.1
bd L4 L3 L1,0.31,-0.09,-0.11,0.08,-0.58,0.18,0.26
bd L4 L2 L1,0.35,0.06,-0.01,0.09,-0.57,0.15,0.0
bd L4 L0R R1,-0.34,-0.33,0.11,0.21,-0.17,0.22,0.22
bd L4 R0R R1,0.5,0.16,0.03,-0.1,-0.42,-0.08,0.1
bd L4 L3 R1,0.31,-0.09,-0.11,0.08,-0.58,0.18,0.26
bd L4 L2 R1,0.35,0.06,-0.01,0.09,-0.57,0.15,0.0
bd L4 L0R R2,-0.29,-0.35,0.05,0.27,-0.26,0.23,0.24
bd L4 R0R R2,0.51,0.12,-0.02,-0.02,-0.5,-0.07,0.13
bd L4 L3 R2,0.32,-0.12,-0.2,0.21,-0.65,0.17,0.25
bd L4 L2 R2,0.33,-0.04,-0.2,0.31,-0.66,0.12,0.09
bd L4 L1 R2,0.23,-0.12,-0.32,0.43,-0.57,0.06,0.13
bd L4 R1 R2,0.23,-0.12,-0.32,0.43,-0.57,0.06,0.13
bd L4 L0R R3,-0.26,-0.35,0.04,0.28,-0.29,0.22,0.25
bd L4 R0R R3,0.51,0.11,-0.04,-0.01,-0.51,-0.06,0.14
bd L4 L3 R3,0.34,-0.13,-0.21,0.22,-0.65,0.14,0.26
bd L4 L2 R3,0.36,-0.07,-0.22,0.31,-0.67,0.09,0.14
bd L4 L1 R3,0.29,-0.14,-0.31,0.39,-0.6,0.03,0.2
bd L4 R1 R3,0.29,-0.14,-0.31,0.39,-0.6,0.03,0.2
bd L4 R2 R3,0.35,-0.14,-0.21,0.22,-0.5,-0.04,0.28
bd L4 L0R R4,-0.24,-0.35,0.03,0.28,-0.3,0.22,0.26
bd L4 R0R R4,0.52,0.11,-0.04,-0.01,-0.51,-0.07,0.15
bd L4 L3 R4,0.35,-0.12,-0.21,0.21,-0.66,0.13,0.28
bd L4 L2 R4,0.39,-0.06,-0.21,0.28,-0.68,0.07,0.17
bd L4 L1 R4,0.34,-0.11,-0.29,0.35,-0.61,0.0,0.24
bd L4 R1 R4,0.34,-0.11,-0.29,0.35,-0.61,0.0,0.24
bd L4 R2 R4,0.41,-0.07,-0.18,0.14,-0.52,-0.09,0.34
bd L4 R3 R4,0.41,0.06,-0.08,-0.03,-0.4,-0.17,0.34
bd L4 L0R R5,-0.23,-0.35,0.03,0.29,-0.31,0.21,0.27
bd L4 R0R R5,0.52,0.1,-0.04,-0.0,-0.51,-0.08,0.15
bd L4 L3 R5,0.37,-0.11,-0.21,0.22,-0.66,0.11,0.28
bd L4 L2 R5,0.41,-0.05,-0.21,0.28,-0.67,0.04,0.18
bd L4 L1 R5,0.36,-0.09,-0.28,0.33,-0.6,-0.04,0.24
bd L4 R1 R5,0.36,-0.09,-0.28,0.33,-0.6,-0.04,0.24
bd L4 R2 R5,0.42,-0.04,-0.17,0.14,-0.47,-0.15,0.3
bd L4 R3 R5,0.4,0.06,-0.1,0.04,-0.34,-0.23,0.26
bd L4 R4 R5,0.29,0.05,-0.1,0.09,-0.2,-0.23,0.12
bd L4 L0R R6,-0.21,-0.35,0.04,0.27,-0.3,0.19,0.26
bd L4 R0R R6,0.54,0.1,-0.03,-0.02,-0.5,-0.09,0.14
bd L4 L3 R6,0.41,-0.11,-0.19,0.18,-0.63,0.08,0.26
bd L4 L2 R6,0.47,-0.05,-0.17,0.22,-0.62,-0.01,0.15
bd L4 L1 R6,0.45,-0.08,-0.23,0.25,-0.52,-0.1,0.2
bd L4 R1 R6,0.45,-0.08,-0.23,0.25,-0.52,-0.1,0.2
bd L4 R2 R6,0.49,-0.02,-0.07,0.01,-0.3,-0.23,0.2
bd L4 R3 R6,0.48,0.05,0.03,-0.13,-0.11,-0.3,0.1
bd L4 R4 R6,0.44,0.04,0.07,-0.15,0.03,-0.31,-0.02
bd L4 R5 R6,0.37,0.02,0.16,-0.26,0.17,-0.24,-0.11
bd L0R L0B L6,-0.34,0.12,0.2,0.02,0.4,-0.14,-0.27
bd L0R R0B L6,-0.02,0.25,0.21,-0.25,0.37,-0.32,-0.06
bd L0R L5 L6,-0.26,0.21,0.21,-0.2,0.45,-0.14,-0.18
bd L0R L0G L6,-0.46,0.08,0.2,-0.03,0.51,-0.03,-0.33
bd L0R R0G L6,-0.26,0.12,0.21,-0.24,0.45,-0.12,-0.06
bd L0R L4 L6,0.4,0.35,-0.04,-0.33,0.15,-0.18,-0.2
bd L0R L5 L0B,-0.14,0.2,0.15,-0.26,0.36,-0.11,-0.09
bd L0R L0G L0B,-0.47,0.05,0.18,-0.06,0.54,0.02,-0.32
bd L0R R0G L0B,-0.16,0.1,0.16,-0.29,0.36,-0.08,0.04
bd L0R L4 L0B,0.43,0.31,-0.08,-0.32,0.09,-0.16,-0.15
bd L0R L5 R0B,-0.35,0.15,0.16,-0.11,0.4,-0.01,-0.22
bd L0R L0G R0B,-0.55,-0.01,0.15,0.09,0.46,0.11,-0.36
bd L0R R0G R0B,-0.38,0.06,0.19,-0.19,0.44,0.0,-0.07
bd L0R L4 R0B,0.39,0.32,-0.08,-0.29,0.11,-0.13,-0.2
bd L0R L0G L5,-0.33,-0.17,0.02,0.23,0.17,0.13,-0.24
bd L0R R0G L5,-0.09,-0.11,0.07,-0.15,0.14,0.01,0.17
bd L0R L4 L5,0.5,0.27,-0.13,-0.25,-0.02,-0.14,-0.13
bd L0R L4 L0G,0.53,0.28,-0.12,-0.28,-0.06,-0.16,-0.05
bd L0R L4 R0G,0.49,0.28,-0.14,-0.21,-0.04,-0.13,-0.16
bd L0R R0R L3,0.58,0.34,-0.06,-0.22,-0.16,-0.22,-0.09
bd L0R R0R L2,0.59,0.34,-0.06,-0.22,-0.16,-0.22,-0.09
bd L0R L3 L2,0.5,0.12,-0.22,-0.11,-0.35,-0.01,0.15
bd L0R R0R L1,0.59,0.34,-0.06,-0.22,-0.17,-0.22,-0.09
bd L0R L3 L1,0.55,0.14,-0.2,-0.07,-0.46,0.02,0.1
bd L0R L2 L1,0.47,0.17,-0.04,0.02,-0.52,0.08,-0.07
bd L0R R0R R1,0.59,0.34,-0.06,-0.22,-0.17,-0.22,-0.09
bd L0R L3 R1,0.55,0.14,-0.2,-0.07,-0.46,0.02,0.1
bd L0R L2 R1,0.47,0.17,-0.04,0.02,-0.52,0.08,-0.07
bd L0R R0R R2,0.59,0.34,-0.06,-0.21,-0.17,-0.22,-0.09
bd L0R L3 R2,0.54,0.1,-0.26,0.04,-0.51,0.02,0.11
bd L0R L2 R2,0.45,0.07,-0.23,0.22,-0.59,0.05,0.01
bd L0R L1 R2,0.31,-0.03,-0.34,0.36,-0.51,0.0,0.07
bd L0R R1 R2,0.31,-0.03,-0.34,0.36,-0.51,0.0,0.07
bd L0R R0R R3,0.59,0.34,-0.06,-0.21,-0.17,-0.22,-0.09
bd L0R L3 R3,0.55,0.09,-0.27,0.06,-0.52,0.01,0.12
bd L0R L2 R3,0.48,0.05,-0.25,0.23,-0.61,0.02,0.06
bd L0R L1 R3,0.38,-0.05,-0.34,0.33,-0.54,-0.03,0.13
bd L0R R1 R3,0.38,-0.05,-0.34,0.33,-0.54,-0.03,0.13
bd L0R R2 R3,0.43,-0.07,-0.23,0.16,-0.46,-0.09,0.24
bd L0R R0R R4,0.59,0.34,-0.06,-0.21,-0.17,-0.22,-0.09
bd L0R L3 R4,0.56,0.09,-0.26,0.05,-0.53,-0.0,0.14
bd L0R L2 R4,0.5,0.06,-0.24,0.2,-0.61,-0.0,0.09
bd L0R L1 R4,0.43,-0.02,-0.32,0.28,-0.55,-0.06,0.17
bd L0R R1 R4,0.43,-0.02,-0.32,0.28,-0.55,-0.06,0.17
bd L0R R2 R4,0.5,0.01,-0.2,0.08,-0.46,-0.15,0.29
bd L0R R3 R4,0.47,0.13,-0.09,-0.09,-0.34,-0.21,0.29
bd L0R R0R R5,0.59,0.34,-0.06,-0.21,-0.17,-0.22,-0.09
bd L0R L3 R5,0.56,0.1,-0.26,0.05,-0.52,-0.02,0.14
bd L0R L2 R5,0.52,0.07,-0.24,0.2,-0.59,-0.04,0.09
bd L0R L1 R5,0.45,0.0,-0.31,0.26,-0.52,-0.1,0.17
bd L0R R1 R5,0.45,0.0,-0.31,0.26,-0.52,-0.1,0.17
bd L0R R2 R5,0.49,0.04,-0.19,0.07,-0.39,-0.21,0.24
bd L0R R3 R5,0.45,0.13,-0.11,-0.02,-0.26,-0.27,0.19
bd L0R R4 R5,0.33,0.11,-0.11,0.03,-0.13,-0.25,0.06
bd L0R R0R R6,0.59,0.34,-0.06,-0.21,-0.17,-0.22,-0.09
bd L0R L3 R6,0.59,0.1,-0.24,0.02,-0.49,-0.04,0.12
bd L0R L2 R6,0.57,0.08,-0.21,0.14,-0.54,-0.09,0.07
bd L0R L1 R6,0.53,0.02,-0.25,0.17,-0.44,-0.17,0.12
bd L0R R1 R6,0.53,0.02,-0.25,0.17,-0.44,-0.17,0.12
bd L0R R2 R6,0.56,0.06,-0.08,-0.06,-0.23,-0.28,0.13
bd L0R R3 R6,0.52,0.12,0.02,-0.18,-0.04,-0.33,0.04
bd L0R R4 R6,0.47,0.1,0.06,-0.2,0.09,-0.33,-0.08
bd L0R R5 R6,0.4,0.05,0.15,-0.29,0.21,-0.26,-0.14
bd R0R L0B L6,-0.42,0.03,0.18,0.07,0.39,-0.08,-0.23
bd R0R R0B L6,-0.15,0.16,0.22,-0.2,0.41,-0.27,-0.05
bd R0R L5 L6,-0.44,0.08,0.21,-0.11,0.48,-0.05,-0.14
bd R0R L0G L6,-0.58,-0.07,0.18,0.06,0.47,0.06,-0.22
bd R0R R0G L6,-0.49,-0.03,0.22,-0.13,0.48,-0.01,-0.03
bd R0R L4 L6,-0.39,-0.1,0.04,-0.07,0.42,0.11,-0.1
bd R0R L0R L6,-0.6,-0.35,0.05,0.22,0.17,0.22,0.09
bd R0R L5 L0B,-0.33,0.08,0.17,-0.18,0.42,-0.03,-0.06
bd R0R L0G L0B,-0.61,-0.12,0.16,0.05,0.48,0.11,-0.21
bd R0R R0G L0B,-0.41,-0.06,0.19,-0.2,0.44,0.01,0.07
bd R0R L4 L0B,-0.31,-0.12,-0.01,-0.1,0.37,0.13,-0.06
bd R0R L0R L0B,-0.6,-0.35,0.05,0.22,0.17,0.22,0.09
bd R0R L5 R0B,-0.5,0.02,0.16,-0.03,0.42,0.06,-0.17
bd R0R L0G R0B,-0.63,-0.14,0.13,0.14,0.41,0.16,-0.25
bd R0R R0G R0B,-0.59,-0.11,0.19,-0.07,0.47,0.1,-0.03
bd R0R L4 R0B,-0.37,-0.13,-0.01,-0.03,0.35,0.16,-0.1
bd R0R L0R R0B,-0.6,-0.35,0.05,0.22,0.17,0.22,0.09
bd R0R L0G L5,-0.4,-0.23,0.03,0.24,0.18,0.16,-0.2
bd R0R R0G L5,-0.25,-0.22,0.09,-0.09,0.19,0.07,0.19
bd R0R L4 L5,-0.19,-0.16,-0.08,-0.02,0.22,0.14,-0.04
bd R0R L0R L5,-0.59,-0.35,0.05,0.22,0.17,0.22,0.09
bd R0R L4 L0G,0.0,-0.07,-0.1,-0.15,0.16,0.07,0.05
bd R0R L0R L0G,-0.59,-0.35,0.05,0.22,0.17,0.22,0.09
bd R0R L4 R0G,-0.1,-0.08,-0.09,0.0,0.15,0.11,-0.1
bd R0R L0R R0G,-0.59,-0.35,0.05,0.22,0.17,0.22,0.09
bd R0R L0R L4,-0.6,-0.35,0.05,0.22,0.17,0.22,0.09
bd R0R L3 L2,-0.14,-0.25,-0.16,0.13,-0.17,0.23,0.25
bd R0R L3 L1,-0.05,-0.2,-0.14,0.15,-0.29,0.24,0.19
bd R0R L2 L1,0.2,0.01,-0.02,0.12,-0.44,0.18,-0.03
bd R0R L3 R1,-0.05,-0.2,-0.14,0.15,-0.29,0.24,0.19
bd R0R L2 R1,0.2,0.01,-0.02,0.12,-0.44,0.18,-0.03
bd R0R L3 R2,-0.01,-0.22,-0.21,0.25,-0.36,0.23,0.19
bd R0R L2 R2,0.17,-0.09,-0.2,0.33,-0.52,0.15,0.05
bd R0R L1 R2,0.1,-0.16,-0.33,0.45,-0.46,0.09,0.1
bd R0R R1 R2,0.1,-0.16,-0.33,0.45,-0.46,0.09,0.1
bd R0R L3 R3,0.02,-0.24,-0.22,0.26,-0.39,0.22,0.21
bd R0R L2 R3,0.21,-0.12,-0.23,0.34,-0.55,0.13,0.11
bd R0R L1 R3,0.17,-0.19,-0.33,0.43,-0.51,0.06,0.18
bd R0R R1 R3,0.17,-0.19,-0.33,0.43,-0.51,0.06,0.18
bd R0R R2 R3,0.27,-0.19,-0.23,0.25,-0.44,-0.03,0.29
bd R0R L3 R4,0.04,-0.23,-0.22,0.26,-0.4,0.2,0.23
bd R0R L2 R4,0.24,-0.11,-0.23,0.32,-0.57,0.11,0.14
bd R0R L1 R4,0.22,-0.17,-0.32,0.4,-0.53,0.03,0.23
bd R0R R1 R4,0.22,-0.17,-0.32,0.4,-0.53,0.03,0.23
bd R0R R2 R4,0.33,-0.12,-0.2,0.17,-0.46,-0.09,0.36
bd R0R R3 R4,0.34,0.04,-0.08,-0.03,-0.32,-0.17,0.35
bd R0R L3 R5,0.05,-0.23,-0.23,0.26,-0.41,0.19,0.24
bd R0R L2 R5,0.26,-0.11,-0.23,0.33,-0.56,0.08,0.15
bd R0R L1 R5,0.24,-0.15,-0.32,0.39,-0.51,-0.02,0.23
bd R0R R1 R5,0.24,-0.15,-0.32,0.39,-0.51,-0.02,0.23
bd R0R R2 R5,0.34,-0.09,-0.2,0.17,-0.4,-0.15,0.32
bd R0R R3 R5,0.32,0.04,-0.11,0.05,-0.25,-0.24,0.26
bd R0R R4 R5,0.2,0.03,-0.1,0.1,-0.1,-0.22,0.09
bd R0R L3 R6,0.08,-0.23,-0.21,0.23,-0.38,0.17,0.22
bd R0R L2 R6,0.31,-0.11,-0.19,0.27,-0.5,0.03,0.12
bd R0R L1 R6,0.32,-0.15,-0.26,0.3,-0.43,-0.09,0.18
bd R0R R1 R6,0.32,-0.15,-0.26,0.3,-0.43,-0.09,0.18
bd R0R R2 R6,0.41,-0.07,-0.07,0.01,-0.2,-0.24,0.19
bd R0R R3 R6,0.39,0.02,0.04,-0.14,0.0,-0.3,0.08
bd R0R R4 R6,0.35,0.01,0.08,-0.16,0.15,-0.3,-0.06
bd R0R R5 R6,0.31,0.0,0.17,-0.26,0.24,-0.23,-0.13
bd L3 L0B L6,-0.37,0.08,0.22,0.0,0.41,-0.11,-0.24
bd L3 R0B L6,-0.09,0.2,0.24,-0.25,0.4,-0.28,-0.06
bd L3 L5 L6,-0.34,0.15,0.25,-0.19,0.48,-0.1,-0.16
bd L3 L0G L6,-0.49,0.02,0.24,-0.05,0.51,0.0,-0.26
bd L3 R0G L6,-0.34,0.06,0.26,-0.22,0.46,-0.07,-0.06
bd L3 L4 L6,-0.04,0.2,0.24,-0.41,0.48,-0.1,-0.22
bd L3 L0R L6,-0.46,-0.14,0.29,-0.08,0.35,0.08,-0.03
bd L3 R0R L6,0.28,0.27,0.2,-0.33,0.12,-0.19,-0.13
bd L3 L5 L0B,-0.22,0.15,0.2,-0.26,0.4,-0.08,-0.08
bd L3 L0G L0B,-0.51,-0.02,0.23,-0.08,0.53,0.06,-0.25
bd L3 R0G L0B,-0.25,0.03,0.21,-0.29,0.39,-0.04,0.04
bd L3 L4 L0B,0.13,0.19,0.16,-0.45,0.36,-0.07,-0.14
bd L3 L0R L0B,-0.44,-0.19,0.28,-0.1,0.31,0.12,0.03
bd L3 R0R L0B,0.36,0.26,0.15,-0.34,0.04,-0.17,-0.08
bd L3 L5 R0B,-0.43,0.09,0.2,-0.1,0.43,0.03,-0.2
bd L3 L0G R0B,-0.59,-0.07,0.19,0.07,0.45,0.13,-0.3
bd L3 R0G R0B,-0.46,-0.02,0.23,-0.17,0.46,0.05,-0.07
bd L3 L4 R0B,-0.05,0.16,0.17,-0.35,0.42,0.01,-0.26
bd L3 L0R R0B,-0.51,-0.2,0.26,-0.02,0.3,0.16,-0.03
bd L3 R0R R0B,0.31,0.27,0.17,-0.31,0.06,-0.14,-0.15
bd L3 L0G L5,-0.34,-0.2,0.05,0.21,0.17,0.15,-0.22
bd L3 R0G L5,-0.13,-0.15,0.1,-0.14,0.15,0.04,0.17
bd L3 L4 L5,0.32,0.1,0.02,-0.3,0.11,-0.04,-0.11
bd L3 L0R L5,-0.38,-0.28,0.2,0.03,0.15,0.16,0.07
bd L3 R0R L5,0.46,0.23,0.09,-0.26,-0.09,-0.16,-0.06
bd L3 L4 L0G,0.5,0.21,-0.02,-0.39,-0.02,-0.12,0.05
bd L3 L0R L0G,-0.26,-0.25,0.23,-0.09,0.09,0.12,0.21
bd L3 R0R L0G,0.52,0.26,0.07,-0.3,-0.13,-0.18,0.01
bd L3 L4 R0G,0.37,0.18,-0.03,-0.21,0.02,-0.05,-0.2
bd L3 L0R R0G,-0.37,-0.25,0.19,0.07,0.12,0.17,0.0
bd L3 R0R R0G,0.54,0.29,0.07,-0.25,-0.14,-0.18,-0.12
bd L3 L0R L4,-0.5,-0.31,0.16,0.19,0.06,0.16,0.13
bd L3 R0R L4,0.4,0.21,0.09,-0.15,-0.19,-0.17,-0.01
bd L3 R0R L0R,0.58,0.34,-0.06,-0.22,-0.16,-0.22,-0.09
bd L3 L2 L1,0.3,0.12,0.05,0.08,-0.42,0.09,-0.15
bd L3 L2 R1,0.3,0.12,0.05,0.08,-0.42,0.09,-0.15
bd L3 L2 R2,0.27,0.01,-0.15,0.31,-0.51,0.06,-0.07
bd L3 L1 R2,0.14,-0.11,-0.31,0.45,-0.4,-0.01,0.04
bd L3 R1 R2,0.14,-0.11,-0.31,0.45,-0.4,-0.01,0.04
bd L3 L2 R3,0.32,-0.02,-0.18,0.33,-0.54,0.02,-0.01
bd L3 L1 R3,0.21,-0.14,-0.31,0.42,-0.43,-0.05,0.12
bd L3 R1 R3,0.21,-0.14,-0.31,0.42,-0.43,-0.05,0.12
bd L3 R2 R3,0.29,-0.13,-0.17,0.16,-0.31,-0.12,0.24
bd L3 L2 R4,0.35,-0.01,-0.17,0.3,-0.54,-0.01,0.03
bd L3 L1 R4,0.26,-0.11,-0.29,0.37,-0.44,-0.09,0.17
bd L3 R1 R4,0.26,-0.11,-0.29,0.37,-0.44,-0.09,0.17
bd L3 R2 R4,0.35,-0.06,-0.12,0.07,-0.31,-0.19,0.3
bd L3 R3 R4,0.34,0.09,-0.01,-0.12,-0.18,-0.25,0.29
bd L3 L2 R5,0.36,0.01,-0.17,0.29,-0.52,-0.05,0.03
bd L3 L1 R5,0.27,-0.08,-0.27,0.34,-0.39,-0.14,0.15
bd L3 R1 R5,0.27,-0.08,-0.27,0.34,-0.39,-0.14,0.15
bd L3 R2 R5,0.33,-0.01,-0.1,0.06,-0.21,-0.25,0.23
bd L3 R3 R5,0.28,0.09,-0.02,-0.05,-0.06,-0.3,0.17
bd L3 R4 R5,0.16,0.07,-0.03,0.01,0.05,-0.26,0.02
bd L3 L2 R6,0.42,0.01,-0.12,0.22,-0.45,-0.1,-0.01
bd L3 L1 R6,0.36,-0.07,-0.21,0.25,-0.29,-0.22,0.1
bd L3 R1 R6,0.36,-0.07,-0.21,0.25,-0.29,-0.22,0.1
bd L3 R2 R6,0.39,0.0,0.01,-0.09,-0.03,-0.32,0.11
bd L3 R3 R6,0.36,0.08,0.11,-0.22,0.15,-0.35,0.01
bd L3 R4 R6,0.31,0.05,0.14,-0.22,0.26,-0.33,-0.11
bd L3 R5 R6,0.29,0.02,0.2,-0.3,0.31,-0.25,-0.17
bd L2 L0B L6,-0.33,0.07,0.23,-0.05,0.39,-0.09,-0.21
bd L2 R0B L6,-0.02,0.19,0.24,-0.31,0.36,-0.26,-0.01
bd L2 L5 L6,-0.28,0.14,0.27,-0.28,0.46,-0.08,-0.11
bd L2 L0G L6,-0.42,0.0,0.26,-0.13,0.47,0.04,-0.21
bd L2 R0G L6,-0.26,0.05,0.26,-0.3,0.41,-0.04,0.0
bd L2 L4 L6,0.12,0.13,0.18,-0.44,0.25,-0.01,-0.03
bd L2 L0R L6,-0.19,-0.11,0.23,-0.23,0.17,0.13,0.11
bd L2 R0R L6,0.32,0.19,0.16,-0.39,0.01,-0.07,0.03
bd L2 L3 L6,0.19,0.0,0.04,-0.27,-0.1,0.1,0.19
bd L2 L5 L0B,-0.13,0.14,0.2,-0.35,0.35,-0.05,0.0
bd L2 L0G L0B,-0.42,-0.06,0.23,-0.19,0.48,0.12,-0.16
bd L2 R0G L0B,-0.13,0.02,0.2,-0.36,0.31,-0.0,0.13
bd L2 L4 L0B,0.29,0.1,0.07,-0.45,0.09,0.02,0.07
bd L2 L0R L0B,-0.08,-0.16,0.17,-0.26,0.05,0.18,0.22
bd L2 R0R L0B,0.42,0.17,0.08,-0.38,-0.1,-0.05,0.09
bd L2 L3 L0B,0.28,-0.02,-0.03,-0.26,-0.2,0.11,0.25
bd L2 L5 R0B,-0.41,0.06,0.21,-0.16,0.41,0.09,-0.17
bd L2 L0G R0B,-0.55,-0.11,0.18,0.03,0.4,0.2,-0.26
bd L2 R0G R0B,-0.41,-0.06,0.23,-0.24,0.4,0.12,0.0
bd L2 L4 R0B,0.12,0.06,0.09,-0.36,0.14,0.12,-0.04
bd L2 L0R R0B,-0.25,-0.2,0.17,-0.14,0.08,0.25,0.12
bd L2 R0R R0B,0.36,0.16,0.1,-0.35,-0.09,0.01,0.02
bd L2 L3 R0B,0.18,-0.05,-0.03,-0.2,-0.19,0.18,0.2
bd L2 L0G L5,-0.27,-0.21,0.02,0.2,0.1,0.16,-0.17
bd L2 R0G L5,-0.05,-0.17,0.07,-0.14,0.06,0.06,0.21
bd L2 L4 L5,0.38,0.01,-0.06,-0.22,-0.14,0.05,0.08
bd L2 L0R L5,0.0,-0.24,0.05,-0.05,-0.15,0.19,0.21
bd L2 R0R L5,0.49,0.11,-0.01,-0.23,-0.26,-0.03,0.1
bd L2 L3 L5,0.31,-0.07,-0.1,-0.11,-0.31,0.12,0.23
bd L2 L4 L0G,0.54,0.13,-0.08,-0.33,-0.21,-0.05,0.18
bd L2 L0R L0G,0.21,-0.17,0.04,-0.2,-0.26,0.13,0.38
bd L2 R0R L0G,0.58,0.17,-0.02,-0.29,-0.29,-0.09,0.16
bd L2 L3 L0G,0.44,-0.0,-0.12,-0.19,-0.36,0.06,0.31
bd L2 L4 R0G,0.43,0.09,-0.1,-0.16,-0.18,0.02,-0.03
bd L2 L0R R0G,0.04,-0.2,0.02,0.01,-0.21,0.2,0.14
bd L2 R0R R0G,0.6,0.18,-0.04,-0.21,-0.32,-0.06,0.03
bd L2 L3 R0G,0.35,-0.03,-0.13,-0.08,-0.35,0.11,0.19
bd L2 L0R L4,-0.41,-0.34,0.12,0.19,-0.07,0.2,0.22
bd L2 R0R L4,0.44,0.16,0.04,-0.12,-0.32,-0.11,0.1
bd L2 L3 L4,0.2,-0.14,-0.14,0.04,-0.44,0.16,0.34
bd L2 R0R L0R,0.59,0.34,-0.06,-0.22,-0.16,-0.22,-0.09
bd L2 L3 L0R,0.5,0.12,-0.22,-0.11,-0.35,-0.01,0.15
bd L2 L3 R0R,-0.14,-0.25,-0.16,0.13,-0.17,0.23,0.25
bd L2 L1 R2,-0.07,-0.2,-0.34,0.39,-0.1,-0.08,0.14
bd L2 R1 R2,-0.07,-0.2,-0.34,0.39,-0.1,-0.08,0.14
bd L2 L1 R3,-0.01,-0.22,-0.32,0.33,-0.09,-0.11,0.21
bd L2 R1 R3,-0.01,-0.22,-0.32,0.33,-0.09,-0.11,0.21
bd L2 R2 R3,0.13,-0.15,-0.08,-0.01,-0.02,-0.15,0.28
bd L2 L1 R4,0.02,-0.19,-0.3,0.27,-0.08,-0.15,0.25
bd L2 R1 R4,0.02,-0.19,-0.3,0.27,-0.08,-0.15,0.25
bd L2 R2 R4,0.18,-0.07,-0.03,-0.12,0.01,-0.21,0.33
bd L2 R3 R4,0.19,0.09,0.07,-0.26,0.07,-0.25,0.29
bd L2 L1 R5,0.03,-0.17,-0.27,0.24,-0.04,-0.19,0.24
bd L2 R1 R5,0.03,-0.17,-0.27,0.24,-0.04,-0.19,0.24
bd L2 R2 R5,0.15,-0.03,-0.01,-0.13,0.09,-0.26,0.26
bd L2 R3 R5,0.13,0.09,0.06,-0.2,0.19,-0.3,0.16
bd L2 R4 R5,0.03,0.06,0.03,-0.1,0.25,-0.25,0.01
bd L2 L1 R6,0.09,-0.16,-0.21,0.15,0.07,-0.25,0.2
bd L2 R1 R6,0.09,-0.16,-0.21,0.15,0.07,-0.25,0.2
bd L2 R2 R6,0.21,-0.02,0.08,-0.24,0.23,-0.3,0.14
bd L2 R3 R6,0.2,0.07,0.17,-0.33,0.35,-0.33,0.01
bd L2 R4 R6,0.17,0.04,0.19,-0.31,0.43,-0.31,-0.12
bd L2 R5 R6,0.21,0.01,0.23,-0.35,0.41,-0.23,-0.17
bd L1 L0B L6,-0.27,0.08,0.25,-0.06,0.32,-0.07,-0.21
bd L1 R0B L6,0.06,0.2,0.26,-0.33,0.28,-0.25,0.0
bd L1 L5 L6,-0.2,0.17,0.31,-0.34,0.39,-0.05,-0.11
bd L1 L0G L6,-0.32,0.01,0.28,-0.16,0.36,0.08,-0.2
bd L1 R0G L6,-0.17,0.06,0.29,-0.35,0.32,0.0,0.02
bd L1 L4 L6,0.29,0.14,0.18,-0.44,0.0,0.06,-0.01
bd L1 L0R L6,0.03,-0.06,0.23,-0.25,-0.08,0.19,0.1
bd L1 R0R L6,0.46,0.2,0.16,-0.39,-0.2,0.0,0.03
bd L1 L3 L6,0.36,0.06,0.06,-0.24,-0.34,0.16,0.13
bd L1 L2 L6,0.41,0.15,0.09,-0.1,-0.49,0.16,-0.04
bd L1 L5 L0B,-0.02,0.16,0.21,-0.41,0.25,-0.01,0.03
bd L1 L0G L0B,-0.3,-0.06,0.25,-0.24,0.34,0.2,-0.14
bd L1 R0G L0B,-0.02,0.02,0.2,-0.41,0.19,0.04,0.17
bd L1 L4 L0B,0.44,0.11,0.06,-0.42,-0.15,0.09,0.1
bd L1 L0R L0B,0.17,-0.11,0.15,-0.27,-0.24,0.24,0.23
bd L1 R0R L0B,0.55,0.17,0.07,-0.36,-0.3,0.02,0.11
bd L1 L3 L0B,0.44,0.04,-0.01,-0.23,-0.43,0.17,0.2
bd L1 L2 L0B,0.46,0.13,0.04,-0.1,-0.54,0.17,0.0
bd L1 L5 R0B,-0.36,0.07,0.22,-0.18,0.33,0.15,-0.17
bd L1 L0G R0B,-0.47,-0.12,0.18,0.03,0.28,0.27,-0.26
bd L1 R0G R0B,-0.35,-0.07,0.26,-0.28,0.3,0.21,0.03
bd L1 L4 R0B,0.29,0.07,0.07,-0.32,-0.13,0.2,-0.02
bd L1 L0R R0B,-0.02,-0.16,0.15,-0.13,-0.2,0.32,0.11
bd L1 R0R R0B,0.5,0.17,0.09,-0.32,-0.33,0.1,0.03
bd L1 L3 R0B,0.34,0.01,-0.01,-0.15,-0.43,0.24,0.13
bd L1 L2 R0B,0.39,0.12,0.04,-0.05,-0.52,0.2,-0.04
bd L1 L0G L5,-0.21,-0.21,0.01,0.2,0.03,0.17,-0.16
bd L1 R0G L5,0.01,-0.17,0.06,-0.14,-0.02,0.08,0.22
bd L1 L4 L5,0.45,0.01,-0.07,-0.17,-0.3,0.09,0.08
bd L1 L0R L5,0.18,-0.18,0.02,-0.03,-0.35,0.21,0.19
bd L1 R0R L5,0.56,0.1,-0.02,-0.18,-0.41,0.02,0.1
bd L1 L3 L5,0.41,-0.02,-0.08,-0.07,-0.47,0.15,0.17
bd L1 L2 L5,0.43,0.09,-0.01,-0.01,-0.55,0.16,0.0
bd L1 L4 L0G,0.6,0.12,-0.08,-0.29,-0.34,-0.01,0.19
bd L1 L0R L0G,0.38,-0.1,0.01,-0.17,-0.47,0.16,0.35
bd L1 R0R L0G,0.64,0.17,-0.03,-0.26,-0.42,-0.05,0.17
bd L1 L3 L0G,0.53,0.04,-0.1,-0.14,-0.53,0.1,0.25
bd L1 L2 L0G,0.52,0.12,-0.01,-0.05,-0.59,0.13,0.05
bd L1 L4 R0G,0.48,0.09,-0.1,-0.11,-0.31,0.05,-0.01
bd L1 L0R R0G,0.21,-0.13,-0.01,0.03,-0.39,0.2,0.12
bd L1 R0R R0G,0.63,0.17,-0.05,-0.15,-0.46,-0.0,0.03
bd L1 L3 R0G,0.44,0.02,-0.11,-0.04,-0.49,0.14,0.12
bd L1 L2 R0G,0.43,0.11,-0.02,0.01,-0.54,0.14,-0.03
bd L1 L0R L4,-0.34,-0.33,0.11,0.21,-0.17,0.22,0.22
bd L1 R0R L4,0.5,0.16,0.03,-0.1,-0.42,-0.08,0.1
bd L1 L3 L4,0.31,-0.09,-0.11,0.08,-0.58,0.18,0.26
bd L1 L2 L4,0.35,0.06,-0.01,0.09,-0.57,0.15,0.0
bd L1 R0R L0R,0.59,0.34,-0.06,-0.22,-0.17,-0.22,-0.09
bd L1 L3 L0R,0.55,0.14,-0.2,-0.07,-0.46,0.02,0.1
bd L1 L2 L0R,0.47,0.17,-0.04,0.02,-0.52,0.08,-0.07
bd L1 L3 R0R,-0.05,-0.2,-0.14,0.15,-0.29,0.24,0.19
bd L1 L2 R0R,0.2,0.01,-0.02,0.12,-0.44,0.18,-0.03
bd L1 L2 L3,0.3,0.12,0.05,0.08,-0.42,0.09,-0.15
bd L1 R2 R3,0.17,-0.05,0.1,-0.22,0.03,-0.11,0.21
bd L1 R2 R4,0.21,0.03,0.15,-0.31,0.06,-0.17,0.24
bd L1 R3 R4,0.19,0.16,0.18,-0.37,0.09,-0.2,0.2
bd L1 R2 R5,0.18,0.07,0.16,-0.32,0.14,-0.21,0.18
bd L1 R3 R5,0.13,0.17,0.18,-0.33,0.22,-0.25,0.08
bd L1 R4 R5,0.03,0.12,0.12,-0.18,0.28,-0.21,-0.07
bd L1 R2 R6,0.22,0.07,0.22,-0.39,0.25,-0.24,0.06
bd L1 R3 R6,0.2,0.13,0.26,-0.42,0.36,-0.27,-0.05
bd L1 R4 R6,0.17,0.09,0.26,-0.37,0.44,-0.26,-0.18
bd L1 R5 R6,0.2,0.04,0.26,-0.38,0.4,-0.19,-0.2
bd R1 L0B L6,-0.27,0.08,0.25,-0.06,0.32,-0.07,-0.21
bd R1 R0B L6,0.06,0.2,0.26,-0.33,0.28,-0.25,0.0
bd R1 L5 L6,-0.2,0.17,0.31,-0.34,0.39,-0.05,-0.11
bd R1 L0G L6,-0.32,0.01,0.28,-0.16,0.36,0.08,-0.2
bd R1 R0G L6,-0.17,0.06,0.29,-0.35,0.32,0.0,0.02
bd R1 L4 L6,0.29,0.14,0.18,-0.44,0.0,0.06,-0.01
bd R1 L0R L6,0.03,-0.06,0.23,-0.25,-0.08,0.19,0.1
bd R1 R0R L6,0.46,0.2,0.16,-0.39,-0.2,0.0,0.03
bd R1 L3 L6,0.36,0.06,0.06,-0.24,-0.34,0.16,0.13
bd R1 L2 L6,0.41,0.15,0.09,-0.1,-0.49,0.16,-0.04
bd R1 L5 L0B,-0.02,0.16,0.21,-0.41,0.25,-0.01,0.03
bd R1 L0G L0B,-0.3,-0.06,0.25,-0.24,0.34,0.2,-0.14
bd R1 R0G L0B,-0.02,0.02,0.2,-0.41,0.19,0.04,0.17
bd R1 L4 L0B,0.44,0.11,0.06,-0.42,-0.15,0.09,0.1
bd R1 L0R L0B,0.17,-0.11,0.15,-0.27,-0.24,0.24,0.23
bd R1 R0R L0B,0.55,0.17,0.07,-0.36,-0.3,0.02,0.11
bd R1 L3 L0B,0.44,0.04,-0.01,-0.23,-0.43,0.17,0.2
bd R1 L2 L0B,0.46,0.13,0.04,-0.1,-0.54,0.17,0.0
bd R1 L5 R0B,-0.36,0.07,0.22,-0.18,0.33,0.15,-0.17
bd R1 L0G R0B,-0.47,-0.12,0.18,0.03,0.28,0.27,-0.26
bd R1 R0G R0B,-0.35,-0.07,0.26,-0.28,0.3,0.21,0.03
bd R1 L4 R0B,0.29,0.07,0.07,-0.32,-0.13,0.2,-0.02
bd R1 L0R R0B,-0.02,-0.16,0.15,-0.13,-0.2,0.32,0.11
bd R1 R0R R0B,0.5,0.17,0.09,-0.32,-0.33,0.1,0.03
bd R1 L3 R0B,0.34,0.01,-0.01,-0.15,-0.43,0.24,0.13
bd R1 L2 R0B,0.39,0.12,0.04,-0.05,-0.52,0.2,-0.04
bd R1 L0G L5,-0.21,-0.21,0.01,0.2,0.03,0.17,-0.16
bd R1 R0G L5,0.01,-0.17,0.06,-0.14,-0.02,0.08,0.22
bd R1 L4 L5,0.45,0.01,-0.07,-0.17,-0.3,0.09,0.08
bd R1 L0R L5,0.18,-0.18,0.02,-0.03,-0.35,0.21,0.19
bd R1 R0R L5,0.56,0.1,-0.02,-0.18,-0.41,0.02,0.1
bd R1 L3 L5,0.41,-0.02,-0.08,-0.07,-0.47,0.15,0.17
bd R1 L2 L5,0.43,0.09,-0.01,-0.01,-0.55,0.16,0.0
bd R1 L4 L0G,0.6,0.12,-0.08,-0.29,-0.34,-0.01,0.19
bd R1 L0R L0G,0.38,-0.1,0.01,-0.17,-0.47,0.16,0.35
bd R1 R0R L0G,0.64,0.17,-0.03,-0.26,-0.42,-0.05,0.17
bd R1 L3 L0G,0.53,0.04,-0.1,-0.14,-0.53,0.1,0.25
bd R1 L2 L0G,0.52,0.12,-0.01,-0.05,-0.59,0.13,0.05
bd R1 L4 R0G,0.48,0.09,-0.1,-0.11,-0.31,0.05,-0.01
bd R1 L0R R0G,0.21,-0.13,-0.01,0.03,-0.39,0.2,0.12
bd R1 R0R R0G,0.63,0.17,-0.05,-0.15,-0.46,-0.0,0.03
bd R1 L3 R0G,0.44,0.02,-0.11,-0.04,-0.49,0.14,0.12
bd R1 L2 R0G,0.43,0.11,-0.02,0.01,-0.54,0.14,-0.03
bd R1 L0R L4,-0.34,-0.33,0.11,0.21,-0.17,0.22,0.22
bd R1 R0R L4,0.5,0.16,0.03,-0.1,-0.42,-0.08,0.1
bd R1 L3 L4,0.31,-0.09,-0.11,0.08,-0.58,0.18,0.26
bd R1 L2 L4,0.35,0.06,-0.01,0.09,-0.57,0.15,0.0
bd R1 R0R L0R,0.59,0.34,-0.06,-0.22,-0.17,-0.22,-0.09
bd R1 L3 L0R,0.55,0.14,-0.2,-0.07,-0.46,0.02,0.1
bd R1 L2 L0R,0.47,0.17,-0.04,0.02,-0.52,0.08,-0.07
bd R1 L3 R0R,-0.05,-0.2,-0.14,0.15,-0.29,0.24,0.19
bd R1 L2 R0R,0.2,0.01,-0.02,0.12,-0.44,0.18,-0.03
bd R1 L2 L3,0.3,0.12,0.05,0.08,-0.42,0.09,-0.15
bd R1 R2 R3,0.17,-0.05,0.1,-0.22,0.03,-0.11,0.21
bd R1 R2 R4,0.21,0.03,0.15,-0.31,0.06,-0.17,0.24
bd R1 R3 R4,0.19,0.16,0.18,-0.37,0.09,-0.2,0.2
bd R1 R2 R5,0.18,0.07,0.16,-0.32,0.14,-0.21,0.18
bd R1 R3 R5,0.13,0.17,0.18,-0.33,0.22,-0.25,0.08
bd R1 R4 R5,0.03,0.12,0.12,-0.18,0.28,-0.21,-0.07
bd R1 R2 R6,0.22,0.07,0.22,-0.39,0.25,-0.24,0.06
bd R1 R3 R6,0.2,0.13,0.26,-0.42,0.36,-0.27,-0.05
bd R1 R4 R6,0.17,0.09,0.26,-0.37,0.44,-0.26,-0.18
bd R1 R5 R6,0.2,0.04,0.26,-0.38,0.4,-0.19,-0.2
bd R2 L0B L6,-0.2,0.05,0.23,-0.03,0.23,-0.05,-0.19
bd R2 R0B L6,0.16,0.19,0.23,-0.33,0.18,-0.24,0.05
bd R2 L5 L6,-0.09,0.15,0.29,-0.34,0.25,-0.02,-0.06
bd R2 L0G L6,-0.22,-0.04,0.24,-0.11,0.19,0.14,-0.17
bd R2 R0G L6,-0.04,0.02,0.25,-0.33,0.15,0.04,0.09
bd R2 L4 L6,0.42,0.08,0.04,-0.26,-0.27,0.1,0.06
bd R2 L0R L6,0.22,-0.1,0.07,-0.09,-0.37,0.21,0.16
bd R2 R0R L6,0.55,0.13,0.03,-0.21,-0.43,0.05,0.09
bd R2 L3 L6,0.43,0.01,-0.08,-0.03,-0.54,0.16,0.16
bd R2 L2 L6,0.43,0.04,-0.14,0.15,-0.65,0.15,0.06
bd R2 L1 L6,0.33,-0.05,-0.27,0.32,-0.6,0.09,0.1
bd R2 R1 L6,0.33,-0.05,-0.27,0.32,-0.6,0.09,0.1
bd R2 L5 L0B,0.1,0.14,0.14,-0.38,0.09,0.02,0.1
bd R2 L0G L0B,-0.13,-0.14,0.16,-0.18,0.08,0.29,-0.06
bd R2 R0G L0B,0.11,-0.02,0.13,-0.36,0.01,0.08,0.24
bd R2 L4 L0B,0.5,0.05,-0.07,-0.23,-0.36,0.11,0.15
bd R2 L0R L0B,0.33,-0.13,-0.03,-0.08,-0.49,0.23,0.26
bd R2 R0R L0B,0.59,0.1,-0.06,-0.19,-0.48,0.06,0.16
bd R2 L3 L0B,0.47,-0.01,-0.15,-0.02,-0.58,0.16,0.21
bd R2 L2 L0B,0.46,0.02,-0.18,0.15,-0.67,0.15,0.1
bd R2 L1 L0B,0.35,-0.05,-0.29,0.3,-0.6,0.09,0.13
bd R2 R1 L0B,0.35,-0.05,-0.29,0.3,-0.6,0.09,0.13
bd R2 L5 R0B,-0.29,0.02,0.17,-0.12,0.17,0.23,-0.14
bd R2 L0G R0B,-0.39,-0.19,0.11,0.11,0.1,0.34,-0.23
bd R2 R0G R0B,-0.24,-0.15,0.18,-0.21,0.08,0.31,0.1
bd R2 L4 R0B,0.37,-0.0,-0.07,-0.11,-0.37,0.22,0.05
bd R2 L0R R0B,0.15,-0.18,-0.02,0.05,-0.46,0.32,0.15
bd R2 R0R R0B,0.53,0.08,-0.06,-0.1,-0.53,0.14,0.09
bd R2 L3 R0B,0.38,-0.04,-0.15,0.06,-0.58,0.22,0.15
bd R2 L2 R0B,0.38,0.01,-0.17,0.2,-0.65,0.18,0.05
bd R2 L1 R0B,0.28,-0.07,-0.29,0.34,-0.59,0.12,0.09
bd R2 R1 R0B,0.28,-0.07,-0.29,0.34,-0.59,0.12,0.09
bd R2 L0G L5,-0.17,-0.22,-0.02,0.22,-0.03,0.18,-0.14
bd R2 R0G L5,0.06,-0.19,0.02,-0.09,-0.1,0.1,0.24
bd R2 L4 L5,0.46,-0.03,-0.14,-0.04,-0.41,0.1,0.11
bd R2 L0R L5,0.27,-0.18,-0.09,0.09,-0.49,0.2,0.2
bd R2 R0R L5,0.55,0.04,-0.11,-0.04,-0.52,0.05,0.13
bd R2 L3 L5,0.42,-0.06,-0.18,0.08,-0.57,0.14,0.18
bd R2 L2 L5,0.42,-0.01,-0.19,0.21,-0.65,0.13,0.08
bd R2 L1 L5,0.33,-0.08,-0.31,0.34,-0.6,0.08,0.12
bd R2 R1 L5,0.33,-0.08,-0.31,0.34,-0.6,0.08,0.12
bd R2 L4 L0G,0.59,0.08,-0.14,-0.17,-0.43,0.01,0.2
bd R2 L0R L0G,0.44,-0.1,-0.1,-0.02,-0.58,0.14,0.33
bd R2 R0R L0G,0.63,0.12,-0.11,-0.13,-0.52,-0.02,0.2
bd R2 L3 L0G,0.52,0.0,-0.19,0.01,-0.61,0.09,0.25
bd R2 L2 L0G,0.49,0.02,-0.2,0.16,-0.67,0.1,0.13
bd R2 L1 L0G,0.38,-0.05,-0.3,0.29,-0.6,0.05,0.15
bd R2 R1 L0G,0.38,-0.05,-0.3,0.29,-0.6,0.05,0.15
bd R2 L4 R0G,0.48,0.05,-0.16,-0.01,-0.41,0.06,0.02
bd R2 L0R R0G,0.29,-0.13,-0.11,0.13,-0.51,0.18,0.13
bd R2 R0R R0G,0.6,0.11,-0.14,-0.02,-0.55,0.03,0.06
bd R2 L3 R0G,0.44,-0.02,-0.19,0.11,-0.58,0.13,0.13
bd R2 L2 R0G,0.42,0.01,-0.2,0.22,-0.63,0.12,0.05
bd R2 L1 R0G,0.33,-0.06,-0.31,0.35,-0.58,0.07,0.09
bd R2 R1 R0G,0.33,-0.06,-0.31,0.35,-0.58,0.07,0.09
bd R2 L0R L4,-0.29,-0.35,0.05,0.27,-0.26,0.23,0.24
bd R2 R0R L4,0.51,0.12,-0.02,-0.02,-0.5,-0.07,0.13
bd R2 L3 L4,0.32,-0.12,-0.2,0.21,-0.65,0.17,0.25
bd R2 L2 L4,0.33,-0.04,-0.2,0.31,-0.66,0.12,0.09
bd R2 L1 L4,0.23,-0.12,-0.32,0.43,-0.57,0.06,0.13
bd R2 R1 L4,0.23,-0.12,-0.32,0.43,-0.57,0.06,0.13
bd R2 R0R L0R,0.59,0.34,-0.06,-0.21,-0.17,-0.22,-0.09
bd R2 L3 L0R,0.54,0.1,-0.26,0.04,-0.51,0.02,0.11
bd R2 L2 L0R,0.45,0.07,-0.23,0.22,-0.59,0.05,0.01
bd R2 L1 L0R,0.31,-0.03,-0.34,0.36,-0.51,0.0,0.07
bd R2 R1 L0R,0.31,-0.03,-0.34,0.36,-0.51,0.0,0.07
bd R2 L3 R0R,-0.01,-0.22,-0.21,0.25,-0.36,0.23,0.19
bd R2 L2 R0R,0.17,-0.09,-0.2,0.33,-0.52,0.15,0.05
bd R2 L1 R0R,0.1,-0.16,-0.33,0.45,-0.46,0.09,0.1
bd R2 R1 R0R,0.1,-0.16,-0.33,0.45,-0.46,0.09,0.1
bd R2 L2 L3,0.27,0.01,-0.15,0.31,-0.51,0.06,-0.07
bd R2 L1 L3,0.14,-0.11,-0.31,0.45,-0.4,-0.01,0.04
bd R2 R1 L3,0.14,-0.11,-0.31,0.45,-0.4,-0.01,0.04
bd R2 L1 L2,-0.07,-0.2,-0.34,0.39,-0.1,-0.08,0.14
bd R2 R1 L2,-0.07,-0.2,-0.34,0.39,-0.1,-0.08,0.14
bd R2 R3 R4,0.11,0.21,0.13,-0.27,0.08,-0.15,0.1
bd R2 R3 R5,0.03,0.22,0.13,-0.21,0.22,-0.2,-0.05
bd R2 R4 R5,-0.07,0.11,0.05,-0.03,0.26,-0.14,-0.19
bd R2 R3 R6,0.13,0.18,0.24,-0.35,0.39,-0.24,-0.19
bd R2 R4 R6,0.1,0.1,0.23,-0.29,0.48,-0.21,-0.33
bd R2 R5 R6,0.17,0.03,0.24,-0.33,0.4,-0.16,-0.26
bd R3 L0B L6,-0.16,0.04,0.22,-0.03,0.18,-0.04,-0.17
bd R3 R0B L6,0.21,0.18,0.22,-0.33,0.12,-0.23,0.07
bd R3 L5 L6,0.0,0.14,0.28,-0.35,0.16,-0.01,-0.01
bd R3 L0G L6,-0.12,-0.06,0.21,-0.1,0.09,0.14,-0.12
bd R3 R0G L6,0.05,-0.0,0.23,-0.32,0.05,0.05,0.13
bd R3 L4 L6,0.46,0.05,-0.0,-0.2,-0.36,0.09,0.11
bd R3 L0R L6,0.29,-0.11,0.02,-0.05,-0.45,0.18,0.2
bd R3 R0R L6,0.55,0.09,-0.01,-0.15,-0.48,0.04,0.13
bd R3 L3 L6,0.46,-0.01,-0.11,0.0,-0.58,0.13,0.19
bd R3 L2 L6,0.47,0.0,-0.16,0.16,-0.67,0.11,0.13
bd R3 L1 L6,0.4,-0.06,-0.26,0.27,-0.63,0.05,0.18
bd R3 R1 L6,0.4,-0.06,-0.26,0.27,-0.63,0.05,0.18
bd R3 R2 L6,0.43,-0.07,-0.17,0.13,-0.54,-0.02,0.25
bd R3 L5 L0B,0.17,0.12,0.12,-0.37,0.01,0.02,0.14
bd R3 L0G L0B,-0.0,-0.16,0.11,-0.15,-0.06,0.29,0.01
bd R3 R0G L0B,0.18,-0.03,0.09,-0.33,-0.08,0.08,0.28
bd R3 L4 L0B,0.51,0.02,-0.09,-0.18,-0.41,0.1,0.18
bd R3 L0R L0B,0.37,-0.13,-0.06,-0.04,-0.53,0.2,0.27
bd R3 R0R L0B,0.58,0.07,-0.08,-0.14,-0.51,0.05,0.19
bd R3 L3 L0B,0.48,-0.03,-0.16,0.01,-0.6,0.13,0.23
bd R3 L2 L0B,0.48,-0.01,-0.19,0.15,-0.68,0.11,0.16
bd R3 L1 L0B,0.41,-0.07,-0.28,0.25,-0.63,0.06,0.2
bd R3 R1 L0B,0.41,-0.07,-0.28,0.25,-0.63,0.06,0.2
bd R3 R2 L0B,0.45,-0.07,-0.2,0.13,-0.54,-0.01,0.27
bd R3 L5 R0B,-0.24,-0.01,0.14,-0.1,0.08,0.26,-0.1
bd R3 L0G R0B,-0.32,-0.21,0.07,0.14,0.01,0.35,-0.19
bd R3 R0G R0B,-0.15,-0.19,0.14,-0.18,-0.05,0.33,0.15
bd R3 L4 R0B,0.4,-0.03,-0.1,-0.06,-0.43,0.19,0.09
bd R3 L0R R0B,0.22,-0.18,-0.06,0.08,-0.51,0.28,0.18
bd R3 R0R R0B,0.52,0.04,-0.09,-0.05,-0.56,0.13,0.12
bd R3 L3 R0B,0.4,-0.06,-0.17,0.09,-0.6,0.19,0.18
bd R3 L2 R0B,0.41,-0.02,-0.19,0.21,-0.67,0.15,0.11
bd R3 L1 R0B,0.36,-0.08,-0.28,0.3,-0.63,0.09,0.16
bd R3 R1 R0B,0.36,-0.08,-0.28,0.3,-0.63,0.09,0.16
bd R3 R2 R0B,0.4,-0.09,-0.2,0.17,-0.55,0.01,0.24
bd R3 L0G L5,-0.14,-0.23,-0.03,0.23,-0.06,0.18,-0.12
bd R3 R0G L5,0.09,-0.19,0.0,-0.08,-0.13,0.1,0.25
bd R3 L4 L5,0.46,-0.04,-0.15,-0.02,-0.44,0.09,0.13
bd R3 L0R L5,0.3,-0.18,-0.11,0.1,-0.51,0.18,0.21
bd R3 R0R L5,0.54,0.02,-0.13,-0.01,-0.53,0.05,0.15
bd R3 L3 L5,0.43,-0.07,-0.19,0.1,-0.58,0.12,0.19
bd R3 L2 L5,0.44,-0.04,-0.21,0.21,-0.66,0.1,0.14
bd R3 L1 L5,0.39,-0.09,-0.29,0.3,-0.62,0.05,0.18
bd R3 R1 L5,0.39,-0.09,-0.29,0.3,-0.62,0.05,0.18
bd R3 R2 L5,0.42,-0.09,-0.21,0.17,-0.54,-0.01,0.25
bd R3 L4 L0G,0.58,0.07,-0.15,-0.14,-0.45,0.0,0.21
bd R3 L0R L0G,0.45,-0.1,-0.12,0.0,-0.58,0.12,0.32
bd R3 R0R L0G,0.62,0.1,-0.13,-0.1,-0.53,-0.02,0.21
bd R3 L3 L0G,0.52,-0.01,-0.2,0.04,-0.61,0.08,0.26
bd R3 L2 L0G,0.5,0.0,-0.22,0.16,-0.67,0.07,0.18
bd R3 L1 L0G,0.43,-0.06,-0.29,0.25,-0.62,0.02,0.21
bd R3 R1 L0G,0.43,-0.06,-0.29,0.25,-0.62,0.02,0.21
bd R3 R2 L0G,0.46,-0.07,-0.21,0.13,-0.54,-0.04,0.28
bd R3 L4 R0G,0.48,0.03,-0.17,0.02,-0.43,0.06,0.04
bd R3 L0R R0G,0.32,-0.13,-0.13,0.15,-0.54,0.16,0.15
bd R3 R0R R0G,0.59,0.08,-0.15,0.01,-0.56,0.02,0.09
bd R3 L3 R0G,0.45,-0.03,-0.21,0.13,-0.59,0.11,0.15
bd R3 L2 R0G,0.44,-0.01,-0.22,0.22,-0.65,0.09,0.1
bd R3 L1 R0G,0.39,-0.07,-0.3,0.31,-0.61,0.05,0.15
bd R3 R1 R0G,0.39,-0.07,-0.3,0.31,-0.61,0.05,0.15
bd R3 R2 R0G,0.43,-0.08,-0.22,0.18,-0.54,-0.02,0.23
bd R3 L0R L4,-0.26,-0.35,0.04,0.28,-0.29,0.22,0.25
bd R3 R0R L4,0.51,0.11,-0.04,-0.01,-0.51,-0.06,0.14
bd R3 L3 L4,0.34,-0.13,-0.21,0.22,-0.65,0.14,0.26
bd R3 L2 L4,0.36,-0.07,-0.22,0.31,-0.67,0.09,0.14
bd R3 L1 L4,0.29,-0.14,-0.31,0.39,-0.6,0.03,0.2
bd R3 R1 L4,0.29,-0.14,-0.31,0.39,-0.6,0.03,0.2
bd R3 R2 L4,0.35,-0.14,-0.21,0.22,-0.5,-0.04,0.28
bd R3 R0R L0R,0.59,0.34,-0.06,-0.21,-0.17,-0.22,-0.09
bd R3 L3 L0R,0.55,0.09,-0.27,0.06,-0.52,0.01,0.12
bd R3 L2 L0R,0.48,0.05,-0.25,0.23,-0.61,0.02,0.06
bd R3 L1 L0R,0.38,-0.05,-0.34,0.33,-0.54,-0.03,0.13
bd R3 R1 L0R,0.38,-0.05,-0.34,0.33,-0.54,-0.03,0.13
bd R3 R2 L0R,0.43,-0.07,-0.23,0.16,-0.46,-0.09,0.24
bd R3 L3 R0R,0.02,-0.24,-0.22,0.26,-0.39,0.22,0.21
bd R3 L2 R0R,0.21,-0.12,-0.23,0.34,-0.55,0.13,0.11
bd R3 L1 R0R,0.17,-0.19,-0.33,0.43,-0.51,0.06,0.18
bd R3 R1 R0R,0.17,-0.19,-0.33,0.43,-0.51,0.06,0.18
bd R3 R2 R0R,0.27,-0.19,-0.23,0.25,-0.44,-0.03,0.29
bd R3 L2 L3,0.32,-0.02,-0.18,0.33,-0.54,0.02,-0.01
bd R3 L1 L3,0.21,-0.14,-0.31,0.42,-0.43,-0.05,0.12
bd R3 R1 L3,0.21,-0.14,-0.31,0.42,-0.43,-0.05,0.12
bd R3 R2 L3,0.29,-0.13,-0.17,0.16,-0.31,-0.12,0.24
bd R3 L1 L2,-0.01,-0.22,-0.32,0.33,-0.09,-0.11,0.21
bd R3 R1 L2,-0.01,-0.22,-0.32,0.33,-0.09,-0.11,0.21
bd R3 R2 L2,0.13,-0.15,-0.08,-0.01,-0.02,-0.15,0.28
bd R3 R2 L1,0.17,-0.05,0.1,-0.22,0.03,-0.11,0.21
bd R3 R2 R1,0.17,-0.05,0.1,-0.22,0.03,-0.11,0.21
bd R3 R4 R5,-0.12,-0.01,-0.03,0.11,0.2,-0.05,-0.22
bd R3 R4 R6,0.04,-0.03,0.15,-0.13,0.43,-0.12,-0.38
bd R3 R5 R6,0.17,-0.02,0.21,-0.28,0.35,-0.11,-0.25
bd R4 L0B L6,-0.12,0.04,0.22,-0.04,0.15,-0.05,-0.15
bd R4 R0B L6,0.23,0.18,0.21,-0.33,0.09,-0.23,0.09
bd R4 L5 L6,0.07,0.14,0.28,-0.35,0.1,-0.02,0.03
bd R4 L0G L6,-0.06,-0.05,0.2,-0.11,0.03,0.13,-0.08
bd R4 R0G L6,0.1,0.0,0.21,-0.32,-0.01,0.04,0.16
bd R4 L4 L6,0.48,0.05,-0.01,-0.19,-0.38,0.07,0.14
bd R4 L0R L6,0.33,-0.09,0.01,-0.05,-0.47,0.15,0.22
bd R4 R0R L6,0.55,0.09,-0.02,-0.15,-0.49,0.03,0.16
bd R4 L3 L6,0.47,-0.0,-0.1,-0.01,-0.58,0.11,0.21
bd R4 L2 L6,0.49,0.02,-0.15,0.13,-0.67,0.08,0.17
bd R4 L1 L6,0.45,-0.03,-0.23,0.2,-0.64,0.02,0.22
bd R4 R1 L6,0.45,-0.03,-0.23,0.2,-0.64,0.02,0.22
bd R4 R2 L6,0.49,0.0,-0.14,0.05,-0.55,-0.07,0.3
bd R4 R3 L6,0.48,0.11,-0.06,-0.08,-0.44,-0.14,0.3
bd R4 L5 L0B,0.21,0.12,0.11,-0.37,-0.04,0.02,0.17
bd R4 L0G L0B,0.07,-0.15,0.09,-0.16,-0.13,0.27,0.06
bd R4 R0G L0B,0.22,-0.03,0.08,-0.33,-0.12,0.07,0.29
bd R4 L4 L0B,0.52,0.03,-0.1,-0.17,-0.43,0.08,0.2
bd R4 L0R L0B,0.4,-0.11,-0.07,-0.05,-0.54,0.17,0.29
bd R4 R0R L0B,0.58,0.07,-0.09,-0.13,-0.52,0.04,0.2
bd R4 L3 L0B,0.5,-0.02,-0.16,0.0,-0.6,0.11,0.25
bd R4 L2 L0B,0.51,0.01,-0.19,0.12,-0.68,0.08,0.19
bd R4 L1 L0B,0.46,-0.03,-0.25,0.2,-0.63,0.03,0.24
bd R4 R1 L0B,0.46,-0.03,-0.25,0.2,-0.63,0.03,0.24
bd R4 R2 L0B,0.5,-0.01,-0.16,0.05,-0.55,-0.06,0.31
bd R4 R3 L0B,0.49,0.1,-0.08,-0.08,-0.45,-0.13,0.32
bd R4 L5 R0B,-0.19,-0.01,0.14,-0.11,0.02,0.26,-0.07
bd R4 L0G R0B,-0.27,-0.21,0.07,0.14,-0.04,0.36,-0.16
bd R4 R0G R0B,-0.08,-0.18,0.12,-0.18,-0.11,0.32,0.19
bd R4 L4 R0B,0.42,-0.02,-0.1,-0.06,-0.45,0.18,0.12
bd R4 L0R R0B,0.26,-0.16,-0.07,0.06,-0.53,0.25,0.21
bd R4 R0R R0B,0.53,0.04,-0.09,-0.05,-0.57,0.11,0.15
bd R4 L3 R0B,0.42,-0.04,-0.16,0.07,-0.61,0.17,0.2
bd R4 L2 R0B,0.44,-0.01,-0.19,0.18,-0.68,0.12,0.15
bd R4 L1 R0B,0.41,-0.05,-0.26,0.25,-0.64,0.06,0.2
bd R4 R1 R0B,0.41,-0.05,-0.26,0.25,-0.64,0.06,0.2
bd R4 R2 R0B,0.47,-0.02,-0.17,0.1,-0.57,-0.03,0.29
bd R4 R3 R0B,0.47,0.1,-0.08,-0.05,-0.47,-0.11,0.31
bd R4 L0G L5,-0.13,-0.23,-0.03,0.22,-0.07,0.18,-0.11
bd R4 R0G L5,0.1,-0.19,0.0,-0.08,-0.15,0.09,0.25
bd R4 L4 L5,0.47,-0.03,-0.15,-0.02,-0.45,0.08,0.15
bd R4 L0R L5,0.33,-0.16,-0.11,0.1,-0.52,0.16,0.22
bd R4 R0R L5,0.54,0.02,-0.13,-0.01,-0.54,0.04,0.16
bd R4 L3 L5,0.45,-0.06,-0.19,0.09,-0.59,0.11,0.21
bd R4 L2 L5,0.46,-0.02,-0.2,0.19,-0.66,0.08,0.17
bd R4 L1 L5,0.42,-0.06,-0.27,0.25,-0.62,0.03,0.21
bd R4 R1 L5,0.42,-0.06,-0.27,0.25,-0.62,0.03,0.21
bd R4 R2 L5,0.47,-0.03,-0.18,0.1,-0.55,-0.05,0.29
bd R4 R3 L5,0.48,0.08,-0.1,-0.03,-0.46,-0.13,0.31
bd R4 L4 L0G,0.58,0.07,-0.15,-0.13,-0.46,-0.0,0.22
bd R4 L0R L0G,0.46,-0.09,-0.12,-0.0,-0.59,0.1,0.33
bd R4 R0R L0G,0.62,0.1,-0.13,-0.1,-0.53,-0.02,0.22
bd R4 L3 L0G,0.53,-0.0,-0.2,0.03,-0.61,0.06,0.27
bd R4 L2 L0G,0.52,0.01,-0.21,0.14,-0.67,0.04,0.21
bd R4 L1 L0G,0.47,-0.03,-0.27,0.2,-0.62,-0.01,0.25
bd R4 R1 L0G,0.47,-0.03,-0.27,0.2,-0.62,-0.01,0.25
bd R4 R2 L0G,0.51,-0.01,-0.18,0.06,-0.55,-0.08,0.32
bd R4 R3 L0G,0.51,0.1,-0.1,-0.07,-0.45,-0.15,0.33
bd R4 L4 R0G,0.49,0.04,-0.17,0.01,-0.44,0.05,0.06
bd R4 L0R R0G,0.34,-0.12,-0.13,0.14,-0.55,0.15,0.16
bd R4 R0R R0G,0.59,0.08,-0.15,0.01,-0.56,0.02,0.1
bd R4 L3 R0G,0.46,-0.02,-0.2,0.12,-0.6,0.09,0.16
bd R4 L2 R0G,0.46,0.0,-0.21,0.2,-0.65,0.07,0.13
bd R4 L1 R0G,0.43,-0.04,-0.28,0.26,-0.62,0.02,0.18
bd R4 R1 R0G,0.43,-0.04,-0.28,0.26,-0.62,0.02,0.18
bd R4 R2 R0G,0.49,-0.02,-0.19,0.11,-0.56,-0.06,0.27
bd R4 R3 R0G,0.5,0.09,-0.11,-0.03,-0.47,-0.14,0.29
bd R4 L0R L4,-0.24,-0.35,0.03,0.28,-0.3,0.22,0.26
bd R4 R0R L4,0.52,0.11,-0.04,-0.01,-0.51,-0.07,0.15
bd R4 L3 L4,0.35,-0.12,-0.21,0.21,-0.66,0.13,0.28
bd R4 L2 L4,0.39,-0.06,-0.21,0.28,-0.68,0.07,0.17
bd R4 L1 L4,0.34,-0.11,-0.29,0.35,-0.61,0.0,0.24
bd R4 R1 L4,0.34,-0.11,-0.29,0.35,-0.61,0.0,0.24
bd R4 R2 L4,0.41,-0.07,-0.18,0.14,-0.52,-0.09,0.34
bd R4 R3 L4,0.41,0.06,-0.08,-0.03,-0.4,-0.17,0.34
bd R4 R0R L0R,0.59,0.34,-0.06,-0.21,-0.17,-0.22,-0.09
bd R4 L3 L0R,0.56,0.09,-0.26,0.05,-0.53,-0.0,0.14
bd R4 L2 L0R,0.5,0.06,-0.24,0.2,-0.61,-0.0,0.09
bd R4 L1 L0R,0.43,-0.02,-0.32,0.28,-0.55,-0.06,0.17
bd R4 R1 L0R,0.43,-0.02,-0.32,0.28,-0.55,-0.06,0.17
bd R4 R2 L0R,0.5,0.01,-0.2,0.08,-0.46,-0.15,0.29
bd R4 R3 L0R,0.47,0.13,-0.09,-0.09,-0.34,-0.21,0.29
bd R4 L3 R0R,0.04,-0.23,-0.22,0.26,-0.4,0.2,0.23
bd R4 L2 R0R,0.24,-0.11,-0.23,0.32,-0.57,0.11,0.14
bd R4 L1 R0R,0.22,-0.17,-0.32,0.4,-0.53,0.03,0.23
bd R4 R1 R0R,0.22,-0.17,-0.32,0.4,-0.53,0.03,0.23
bd R4 R2 R0R,0.33,-0.12,-0.2,0.17,-0.46,-0.09,0.36
bd R4 R3 R0R,0.34,0.04,-0.08,-0.03,-0.32,-0.17,0.35
bd R4 L2 L3,0.35,-0.01,-0.17,0.3,-0.54,-0.01,0.03
bd R4 L1 L3,0.26,-0.11,-0.29,0.37,-0.44,-0.09,0.17
bd R4 R1 L3,0.26,-0.11,-0.29,0.37,-0.44,-0.09,0.17
bd R4 R2 L3,0.35,-0.06,-0.12,0.07,-0.31,-0.19,0.3
bd R4 R3 L3,0.34,0.09,-0.01,-0.12,-0.18,-0.25,0.29
bd R4 L1 L2,0.02,-0.19,-0.3,0.27,-0.08,-0.15,0.25
bd R4 R1 L2,0.02,-0.19,-0.3,0.27,-0.08,-0.15,0.25
bd R4 R2 L2,0.18,-0.07,-0.03,-0.12,0.01,-0.21,0.33
bd R4 R3 L2,0.19,0.09,0.07,-0.26,0.07,-0.25,0.29
bd R4 R2 L1,0.21,0.03,0.15,-0.31,0.06,-0.17,0.24
bd R4 R3 L1,0.19,0.16,0.18,-0.37,0.09,-0.2,0.2
bd R4 R2 R1,0.21,0.03,0.15,-0.31,0.06,-0.17,0.24
bd R4 R3 R1,0.19,0.16,0.18,-0.37,0.09,-0.2,0.2
bd R4 R3 R2,0.11,0.21,0.13,-0.27,0.08,-0.15,0.1
bd R4 R5 R6,0.18,-0.01,0.2,-0.29,0.26,-0.08,-0.17
bd R5 L0B L6,-0.09,0.04,0.22,-0.04,0.12,-0.05,-0.14
bd R5 R0B L6,0.26,0.17,0.21,-0.32,0.06,-0.24,0.11
bd R5 L5 L6,0.13,0.15,0.26,-0.35,0.05,-0.04,0.06
bd R5 L0G L6,0.01,-0.05,0.19,-0.12,-0.02,0.12,-0.05
bd R5 R0G L6,0.16,0.01,0.19,-0.31,-0.05,0.02,0.18
bd R5 L4 L6,0.5,0.05,-0.02,-0.17,-0.4,0.05,0.15
bd R5 L0R L6,0.37,-0.07,-0.0,-0.05,-0.49,0.12,0.23
bd R5 R0R L6,0.56,0.09,-0.03,-0.13,-0.49,0.01,0.17
bd R5 L3 L6,0.5,0.01,-0.11,-0.0,-0.59,0.08,0.22
bd R5 L2 L6,0.52,0.04,-0.15,0.12,-0.67,0.04,0.18
bd R5 L1 L6,0.49,0.0,-0.22,0.18,-0.63,-0.03,0.22
bd R5 R1 L6,0.49,0.0,-0.22,0.18,-0.63,-0.03,0.22
bd R5 R2 L6,0.51,0.04,-0.14,0.05,-0.52,-0.13,0.27
bd R5 R3 L6,0.51,0.13,-0.08,-0.03,-0.41,-0.2,0.24
bd R5 R4 L6,0.42,0.12,-0.09,0.03,-0.3,-0.22,0.12
bd R5 L5 L0B,0.25,0.12,0.09,-0.36,-0.07,0.01,0.18
bd R5 L0G L0B,0.14,-0.14,0.07,-0.15,-0.19,0.25,0.09
bd R5 R0G L0B,0.25,-0.03,0.07,-0.31,-0.15,0.06,0.3
bd R5 L4 L0B,0.53,0.03,-0.1,-0.16,-0.44,0.07,0.21
bd R5 L0R L0B,0.43,-0.09,-0.08,-0.04,-0.55,0.14,0.29
bd R5 R0R L0B,0.58,0.07,-0.09,-0.12,-0.52,0.03,0.21
bd R5 L3 L0B,0.52,-0.01,-0.16,0.0,-0.6,0.09,0.25
bd R5 L2 L0B,0.53,0.02,-0.19,0.12,-0.67,0.05,0.2
bd R5 L1 L0B,0.49,-0.01,-0.25,0.18,-0.62,-0.01,0.24
bd R5 R1 L0B,0.49,-0.01,-0.25,0.18,-0.62,-0.01,0.24
bd R5 R2 L0B,0.52,0.03,-0.16,0.05,-0.53,-0.11,0.29
bd R5 R3 L0B,0.52,0.12,-0.11,-0.03,-0.43,-0.19,0.26
bd R5 R4 L0B,0.43,0.11,-0.11,0.03,-0.31,-0.2,0.14
bd R5 L5 R0B,-0.14,-0.01,0.12,-0.11,-0.02,0.26,-0.05
bd R5 L0G R0B,-0.23,-0.22,0.05,0.14,-0.09,0.35,-0.14
bd R5 R0G R0B,-0.02,-0.18,0.1,-0.17,-0.16,0.3,0.2
bd R5 L4 R0B,0.43,-0.02,-0.11,-0.05,-0.47,0.15,0.13
bd R5 L0R R0B,0.3,-0.14,-0.08,0.07,-0.55,0.22,0.21
bd R5 R0R R0B,0.53,0.04,-0.1,-0.04,-0.57,0.09,0.15
bd R5 L3 R0B,0.45,-0.04,-0.17,0.08,-0.62,0.14,0.2
bd R5 L2 R0B,0.47,0.0,-0.19,0.18,-0.68,0.09,0.16
bd R5 L1 R0B,0.44,-0.03,-0.25,0.23,-0.64,0.02,0.21
bd R5 R1 R0B,0.44,-0.03,-0.25,0.23,-0.64,0.02,0.21
bd R5 R2 R0B,0.49,0.02,-0.17,0.1,-0.55,-0.09,0.26
bd R5 R3 R0B,0.49,0.11,-0.12,0.01,-0.45,-0.17,0.24
bd R5 R4 R0B,0.4,0.1,-0.12,0.07,-0.31,-0.19,0.11
bd R5 L0G L5,-0.11,-0.23,-0.04,0.23,-0.09,0.18,-0.11
bd R5 R0G L5,0.12,-0.18,-0.01,-0.08,-0.16,0.09,0.26
bd R5 L4 L5,0.48,-0.03,-0.16,-0.01,-0.46,0.07,0.15
bd R5 L0R L5,0.35,-0.15,-0.12,0.1,-0.53,0.14,0.23
bd R5 R0R L5,0.55,0.02,-0.14,-0.01,-0.54,0.03,0.17
bd R5 L3 L5,0.46,-0.05,-0.19,0.1,-0.59,0.09,0.21
bd R5 L2 L5,0.48,-0.01,-0.21,0.18,-0.66,0.05,0.18
bd R5 L1 L5,0.45,-0.04,-0.26,0.23,-0.62,-0.01,0.22
bd R5 R1 L5,0.45,-0.04,-0.26,0.23,-0.62,-0.01,0.22
bd R5 R2 L5,0.5,-0.0,-0.18,0.1,-0.53,-0.1,0.27
bd R5 R3 L5,0.5,0.08,-0.13,0.03,-0.44,-0.18,0.25
bd R5 R4 L5,0.42,0.08,-0.14,0.08,-0.33,-0.2,0.14
bd R5 L4 L0G,0.58,0.07,-0.16,-0.13,-0.46,-0.01,0.22
bd R5 L0R L0G,0.47,-0.08,-0.13,0.0,-0.59,0.08,0.33
bd R5 R0R L0G,0.62,0.1,-0.13,-0.09,-0.53,-0.03,0.22
bd R5 L3 L0G,0.54,0.01,-0.2,0.03,-0.61,0.04,0.27
bd R5 L2 L0G,0.54,0.02,-0.21,0.13,-0.66,0.01,0.21
bd R5 L1 L0G,0.49,-0.01,-0.26,0.19,-0.61,-0.04,0.25
bd R5 R1 L0G,0.49,-0.01,-0.26,0.19,-0.61,-0.04,0.25
bd R5 R2 L0G,0.53,0.03,-0.18,0.06,-0.51,-0.13,0.29
bd R5 R3 L0G,0.52,0.11,-0.13,-0.02,-0.42,-0.2,0.27
bd R5 R4 L0G,0.44,0.1,-0.13,0.03,-0.3,-0.21,0.15
bd R5 L4 R0G,0.5,0.04,-0.18,0.02,-0.45,0.04,0.06
bd R5 L0R R0G,0.36,-0.11,-0.14,0.14,-0.56,0.13,0.17
bd R5 R0R R0G,0.59,0.08,-0.16,0.02,-0.56,0.0,0.11
bd R5 L3 R0G,0.48,-0.01,-0.21,0.12,-0.6,0.08,0.17
bd R5 L2 R0G,0.48,0.01,-0.22,0.2,-0.65,0.04,0.14
bd R5 L1 R0G,0.46,-0.02,-0.27,0.25,-0.61,-0.02,0.18
bd R5 R1 R0G,0.46,-0.02,-0.27,0.25,-0.61,-0.02,0.18
bd R5 R2 R0G,0.51,0.02,-0.19,0.12,-0.53,-0.12,0.24
bd R5 R3 R0G,0.51,0.11,-0.14,0.04,-0.44,-0.19,0.22
bd R5 R4 R0G,0.42,0.1,-0.14,0.08,-0.31,-0.21,0.1
bd R5 L0R L4,-0.23,-0.35,0.03,0.29,-0.31,0.21,0.27
bd R5 R0R L4,0.52,0.1,-0.04,-0.0,-0.51,-0.08,0.15
bd R5 L3 L4,0.37,-0.11,-0.21,0.22,-0.66,0.11,0.28
bd R5 L2 L4,0.41,-0.05,-0.21,0.28,-0.67,0.04,0.18
bd R5 L1 L4,0.36,-0.09,-0.28,0.33,-0.6,-0.04,0.24
bd R5 R1 L4,0.36,-0.09,-0.28,0.33,-0.6,-0.04,0.24
bd R5 R2 L4,0.42,-0.04,-0.17,0.14,-0.47,-0.15,0.3
bd R5 R3 L4,0.4,0.06,-0.1,0.04,-0.34,-0.23,0.26
bd R5 R4 L4,0.29,0.05,-0.1,0.09,-0.2,-0.23,0.12
bd R5 R0R L0R,0.59,0.34,-0.06,-0.21,-0.17,-0.22,-0.09
bd R5 L3 L0R,0.56,0.1,-0.26,0.05,-0.52,-0.02,0.14
bd R5 L2 L0R,0.52,0.07,-0.24,0.2,-0.59,-0.04,0.09
bd R5 L1 L0R,0.45,0.0,-0.31,0.26,-0.52,-0.1,0.17
bd R5 R1 L0R,0.45,0.0,-0.31,0.26,-0.52,-0.1,0.17
bd R5 R2 L0R,0.49,0.04,-0.19,0.07,-0.39,-0.21,0.24
bd R5 R3 L0R,0.45,0.13,-0.11,-0.02,-0.26,-0.27,0.19
bd R5 R4 L0R,0.33,0.11,-0.11,0.03,-0.13,-0.25,0.06
bd R5 L3 R0R,0.05,-0.23,-0.23,0.26,-0.41,0.19,0.24
bd R5 L2 R0R,0.26,-0.11,-0.23,0.33,-0.56,0.08,0.15
bd R5 L1 R0R,0.24,-0.15,-0.32,0.39,-0.51,-0.02,0.23
bd R5 R1 R0R,0.24,-0.15,-0.32,0.39,-0.51,-0.02,0.23
bd R5 R2 R0R,0.34,-0.09,-0.2,0.17,-0.4,-0.15,0.32
bd R5 R3 R0R,0.32,0.04,-0.11,0.05,-0.25,-0.24,0.26
bd R5 R4 R0R,0.2,0.03,-0.1,0.1,-0.1,-0.22,0.09
bd R5 L2 L3,0.36,0.01,-0.17,0.29,-0.52,-0.05,0.03
bd R5 L1 L3,0.27,-0.08,-0.27,0.34,-0.39,-0.14,0.15
bd R5 R1 L3,0.27,-0.08,-0.27,0.34,-0.39,-0.14,0.15
bd R5 R2 L3,0.33,-0.01,-0.1,0.06,-0.21,-0.25,0.23
bd R5 R3 L3,0.28,0.09,-0.02,-0.05,-0.06,-0.3,0.17
bd R5 R4 L3,0.16,0.07,-0.03,0.01,0.05,-0.26,0.02
bd R5 L1 L2,0.03,-0.17,-0.27,0.24,-0.04,-0.19,0.24
bd R5 R1 L2,0.03,-0.17,-0.27,0.24,-0.04,-0.19,0.24
bd R5 R2 L2,0.15,-0.03,-0.01,-0.13,0.09,-0.26,0.26
bd R5 R3 L2,0.13,0.09,0.06,-0.2,0.19,-0.3,0.16
bd R5 R4 L2,0.03,0.06,0.03,-0.1,0.25,-0.25,0.01
bd R5 R2 L1,0.18,0.07,0.16,-0.32,0.14,-0.21,0.18
bd R5 R3 L1,0.13,0.17,0.18,-0.33,0.22,-0.25,0.08
bd R5 R4 L1,0.03,0.12,0.12,-0.18,0.28,-0.21,-0.07
bd R5 R2 R1,0.18,0.07,0.16,-0.32,0.14,-0.21,0.18
bd R5 R3 R1,0.13,0.17,0.18,-0.33,0.22,-0.25,0.08
bd R5 R4 R1,0.03,0.12,0.12,-0.18,0.28,-0.21,-0.07
bd R5 R3 R2,0.03,0.22,0.13,-0.21,0.22,-0.2,-0.05
bd R5 R4 R2,-0.07,0.11,0.05,-0.03,0.26,-0.14,-0.19
bd R5 R4 R3,-0.12,-0.01,-0.03,0.11,0.2,-0.05,-0.22
bd R6 L0B L6,-0.04,0.04,0.22,-0.07,0.12,-0.07,-0.13
bd R6 R0B L6,0.29,0.17,0.21,-0.34,0.06,-0.24,0.1
bd R6 L5 L6,0.2,0.14,0.27,-0.38,0.05,-0.07,0.05
bd R6 L0G L6,0.09,-0.04,0.2,-0.16,-0.01,0.07,-0.06
bd R6 R0G L6,0.22,0.01,0.2,-0.33,-0.04,-0.01,0.16
bd R6 L4 L6,0.52,0.05,0.01,-0.21,-0.34,0.01,0.13
bd R6 L0R L6,0.42,-0.05,0.03,-0.1,-0.42,0.07,0.19
bd R6 R0R L6,0.58,0.09,0.0,-0.17,-0.43,-0.03,0.14
bd R6 L3 L6,0.53,0.02,-0.06,-0.06,-0.51,0.03,0.18
bd R6 L2 L6,0.57,0.05,-0.09,0.03,-0.56,-0.03,0.14
bd R6 L1 L6,0.56,0.02,-0.13,0.07,-0.51,-0.1,0.17
bd R6 R1 L6,0.56,0.02,-0.13,0.07,-0.51,-0.1,0.17
bd R6 R2 L6,0.56,0.06,-0.03,-0.09,-0.33,-0.2,0.16
bd R6 R3 L6,0.55,0.11,0.05,-0.18,-0.18,-0.26,0.08
bd R6 R4 L6,0.52,0.1,0.08,-0.2,-0.05,-0.28,-0.02
bd R6 R5 L6,0.43,0.06,0.16,-0.27,0.1,-0.23,-0.1
bd R6 L5 L0B,0.3,0.12,0.1,-0.39,-0.07,-0.01,0.18
bd R6 L0G L0B,0.22,-0.13,0.08,-0.2,-0.17,0.19,0.08
bd R6 R0G L0B,0.29,-0.02,0.08,-0.34,-0.14,0.04,0.29
bd R6 L4 L0B,0.55,0.03,-0.08,-0.19,-0.4,0.04,0.19
bd R6 L0R L0B,0.47,-0.08,-0.05,-0.09,-0.49,0.1,0.26
bd R6 R0R L0B,0.6,0.07,-0.07,-0.15,-0.47,-0.0,0.19
bd R6 L3 L0B,0.55,0.0,-0.13,-0.05,-0.54,0.05,0.23
bd R6 L2 L0B,0.58,0.03,-0.14,0.04,-0.59,-0.01,0.17
bd R6 L1 L0B,0.56,0.0,-0.17,0.07,-0.53,-0.08,0.19
bd R6 R1 L0B,0.56,0.0,-0.17,0.07,-0.53,-0.08,0.19
bd R6 R2 L0B,0.59,0.05,-0.06,-0.08,-0.36,-0.18,0.18
bd R6 R3 L0B,0.58,0.1,0.02,-0.18,-0.21,-0.25,0.11
bd R6 R4 L0B,0.55,0.09,0.06,-0.2,-0.08,-0.27,0.0
bd R6 R5 L0B,0.45,0.06,0.14,-0.28,0.09,-0.23,-0.09
bd R6 L5 R0B,-0.07,-0.01,0.14,-0.15,-0.02,0.23,-0.06
bd R6 L0G R0B,-0.15,-0.21,0.07,0.1,-0.08,0.31,-0.14
bd R6 R0G R0B,0.06,-0.17,0.12,-0.21,-0.15,0.26,0.18
bd R6 L4 R0B,0.46,-0.01,-0.08,-0.09,-0.42,0.12,0.11
bd R6 L0R R0B,0.35,-0.13,-0.05,0.01,-0.49,0.17,0.18
bd R6 R0R R0B,0.55,0.04,-0.07,-0.08,-0.51,0.06,0.13
bd R6 L3 R0B,0.49,-0.03,-0.13,0.02,-0.56,0.1,0.17
bd R6 L2 R0B,0.53,0.01,-0.14,0.09,-0.6,0.03,0.12
bd R6 L1 R0B,0.52,-0.01,-0.18,0.13,-0.54,-0.05,0.15
bd R6 R1 R0B,0.52,-0.01,-0.18,0.13,-0.54,-0.05,0.15
bd R6 R2 R0B,0.55,0.03,-0.06,-0.04,-0.36,-0.16,0.15
bd R6 R3 R0B,0.55,0.09,0.02,-0.15,-0.21,-0.23,0.08
bd R6 R4 R0B,0.51,0.08,0.06,-0.17,-0.07,-0.26,-0.03
bd R6 R5 R0B,0.42,0.05,0.14,-0.26,0.09,-0.21,-0.11
bd R6 L0G L5,-0.09,-0.22,-0.03,0.21,-0.08,0.17,-0.11
bd R6 R0G L5,0.13,-0.18,-0.0,-0.09,-0.15,0.08,0.25
bd R6 L4 L5,0.49,-0.03,-0.14,-0.03,-0.43,0.05,0.14
bd R6 L0R L5,0.38,-0.14,-0.1,0.06,-0.5,0.11,0.21
bd R6 R0R L5,0.56,0.02,-0.11,-0.03,-0.5,0.01,0.15
bd R6 L3 L5,0.49,-0.04,-0.16,0.06,-0.55,0.06,0.19
bd R6 L2 L5,0.53,-0.01,-0.16,0.12,-0.59,0.0,0.15
bd R6 L1 L5,0.52,-0.03,-0.2,0.14,-0.53,-0.07,0.17
bd R6 R1 L5,0.52,-0.03,-0.2,0.14,-0.53,-0.07,0.17
bd R6 R2 L5,0.55,0.01,-0.09,-0.02,-0.37,-0.17,0.17
bd R6 R3 L5,0.56,0.07,-0.01,-0.12,-0.22,-0.24,0.1
bd R6 R4 L5,0.53,0.06,0.04,-0.15,-0.09,-0.27,-0.0
bd R6 R5 L5,0.44,0.04,0.13,-0.25,0.08,-0.22,-0.09
bd R6 L4 L0G,0.6,0.07,-0.14,-0.14,-0.43,-0.03,0.21
bd R6 L0R L0G,0.5,-0.07,-0.11,-0.03,-0.55,0.05,0.31
bd R6 R0R L0G,0.63,0.1,-0.11,-0.11,-0.5,-0.05,0.21
bd R6 L3 L0G,0.57,0.01,-0.17,-0.01,-0.57,0.01,0.25
bd R6 L2 L0G,0.58,0.03,-0.17,0.07,-0.6,-0.03,0.19
bd R6 L1 L0G,0.56,0.0,-0.2,0.1,-0.53,-0.1,0.21
bd R6 R1 L0G,0.56,0.0,-0.2,0.1,-0.53,-0.1,0.21
bd R6 R2 L0G,0.59,0.04,-0.09,-0.06,-0.37,-0.2,0.2
bd R6 R3 L0G,0.59,0.1,-0.01,-0.16,-0.22,-0.27,0.13
bd R6 R4 L0G,0.56,0.09,0.03,-0.19,-0.09,-0.29,0.02
bd R6 R5 L0G,0.47,0.05,0.13,-0.28,0.08,-0.24,-0.08
bd R6 L4 R0G,0.51,0.04,-0.16,0.0,-0.43,0.02,0.05
bd R6 L0R R0G,0.39,-0.1,-0.12,0.11,-0.52,0.1,0.15
bd R6 R0R R0G,0.6,0.08,-0.14,-0.0,-0.53,-0.02,0.09
bd R6 L3 R0G,0.51,-0.01,-0.18,0.08,-0.56,0.04,0.15
bd R6 L2 R0G,0.53,0.02,-0.17,0.14,-0.58,-0.01,0.11
bd R6 L1 R0G,0.52,-0.01,-0.21,0.16,-0.53,-0.08,0.14
bd R6 R1 R0G,0.52,-0.01,-0.21,0.16,-0.53,-0.08,0.14
bd R6 R2 R0G,0.57,0.03,-0.1,-0.01,-0.37,-0.18,0.15
bd R6 R3 R0G,0.56,0.09,-0.01,-0.12,-0.22,-0.25,0.07
bd R6 R4 R0G,0.53,0.08,0.03,-0.14,-0.08,-0.27,-0.03
bd R6 R5 R0G,0.44,0.05,0.13,-0.24,0.09,-0.23,-0.11
bd R6 L0R L4,-0.21,-0.35,0.04,0.27,-0.3,0.19,0.26
bd R6 R0R L4,0.54,0.1,-0.03,-0.02,-0.5,-0.09,0.14
bd R6 L3 L4,0.41,-0.11,-0.19,0.18,-0.63,0.08,0.26
bd R6 L2 L4,0.47,-0.05,-0.17,0.22,-0.62,-0.01,0.15
bd R6 L1 L4,0.45,-0.08,-0.23,0.25,-0.52,-0.1,0.2
bd R6 R1 L4,0.45,-0.08,-0.23,0.25,-0.52,-0.1,0.2
bd R6 R2 L4,0.49,-0.02,-0.07,0.01,-0.3,-0.23,0.2
bd R6 R3 L4,0.48,0.05,0.03,-0.13,-0.11,-0.3,0.1
bd R6 R4 L4,0.44,0.04,0.07,-0.15,0.03,-0.31,-0.02
bd R6 R5 L4,0.37,0.02,0.16,-0.26,0.17,-0.24,-0.11
bd R6 R0R L0R,0.59,0.34,-0.06,-0.21,-0.17,-0.22,-0.09
bd R6 L3 L0R,0.59,0.1,-0.24,0.02,-0.49,-0.04,0.12
bd R6 L2 L0R,0.57,0.08,-0.21,0.14,-0.54,-0.09,0.07
bd R6 L1 L0R,0.53,0.02,-0.25,0.17,-0.44,-0.17,0.12
bd R6 R1 L0R,0.53,0.02,-0.25,0.17,-0.44,-0.17,0.12
bd R6 R2 L0R,0.56,0.06,-0.08,-0.06,-0.23,-0.28,0.13
bd R6 R3 L0R,0.52,0.12,0.02,-0.18,-0.04,-0.33,0.04
bd R6 R4 L0R,0.47,0.1,0.06,-0.2,0.09,-0.33,-0.08
bd R6 R5 L0R,0.4,0.05,0.15,-0.29,0.21,-0.26,-0.14
bd R6 L3 R0R,0.08,-0.23,-0.21,0.23,-0.38,0.17,0.22
bd R6 L2 R0R,0.31,-0.11,-0.19,0.27,-0.5,0.03,0.12
bd R6 L1 R0R,0.32,-0.15,-0.26,0.3,-0.43,-0.09,0.18
bd R6 R1 R0R,0.32,-0.15,-0.26,0.3,-0.43,-0.09,0.18
bd R6 R2 R0R,0.41,-0.07,-0.07,0.01,-0.2,-0.24,0.19
bd R6 R3 R0R,0.39,0.02,0.04,-0.14,0.0,-0.3,0.08
bd R6 R4 R0R,0.35,0.01,0.08,-0.16,0.15,-0.3,-0.06
bd R6 R5 R0R,0.31,0.0,0.17,-0.26,0.24,-0.23,-0.13
bd R6 L2 L3,0.42,0.01,-0.12,0.22,-0.45,-0.1,-0.01
bd R6 L1 L3,0.36,-0.07,-0.21,0.25,-0.29,-0.22,0.1
bd R6 R1 L3,0.36,-0.07,-0.21,0.25,-0.29,-0.22,0.1
bd R6 R2 L3,0.39,0.0,0.01,-0.09,-0.03,-0.32,0.11
bd R6 R3 L3,0.36,0.08,0.11,-0.22,0.15,-0.35,0.01
bd R6 R4 L3,0.31,0.05,0.14,-0.22,0.26,-0.33,-0.11
bd R6 R5 L3,0.29,0.02,0.2,-0.3,0.31,-0.25,-0.17
bd R6 L1 L2,0.09,-0.16,-0.21,0.15,0.07,-0.25,0.2
bd R6 R1 L2,0.09,-0.16,-0.21,0.15,0.07,-0.25,0.2
bd R6 R2 L2,0.21,-0.02,0.08,-0.24,0.23,-0.3,0.14
bd R6 R3 L2,0.2,0.07,0.17,-0.33,0.35,-0.33,0.01
bd R6 R4 L2,0.17,0.04,0.19,-0.31,0.43,-0.31,-0.12
bd R6 R5 L2,0.21,0.01,0.23,-0.35,0.41,-0.23,-0.17
bd R6 R2 L1,0.22,0.07,0.22,-0.39,0.25,-0.24,0.06
bd R6 R3 L1,0.2,0.13,0.26,-0.42,0.36,-0.27,-0.05
bd R6 R4 L1,0.17,0.09,0.26,-0.37,0.44,-0.26,-0.18
bd R6 R5 L1,0.2,0.04,0.26,-0.38,0.4,-0.19,-0.2
bd R6 R2 R1,0.22,0.07,0.22,-0.39,0.25,-0.24,0.06
bd R6 R3 R1,0.2,0.13,0.26,-0.42,0.36,-0.27,-0.05
bd R6 R4 R1,0.17,0.09,0.26,-0.37,0.44,-0.26,-0.18
bd R6 R5 R1,0.2,0.04,0.26,-0.38,0.4,-0.19,-0.2
bd R6 R3 R2,0.13,0.18,0.24,-0.35,0.39,-0.24,-0.19
bd R6 R4 R2,0.1,0.1,0.23,-0.29,0.48,-0.21,-0.33
bd R6 R5 R2,0.17,0.03,0.24,-0.33,0.4,-0.16,-0.26
bd R6 R4 R3,0.04,-0.03,0.15,-0.13,0.43,-0.12,-0.38
bd R6 R5 R3,0.17,-0.02,0.21,-0.28,0.35,-0.11,-0.25
bd R6 R5 R4,0.18,-0.01,0.2,-0.29,0.26,-0.08,-0.17
sl L6 L0B,-0.11,0.11,-0.22,0.25,-0.24,0.1,0.03
sl L6 R0B,-0.33,0.01,-0.2,0.42,-0.15,0.18,-0.14
sl L6 L5,-0.23,0.1,-0.23,0.45,-0.24,0.07,-0.07
sl L6 L0G,-0.18,0.18,-0.21,0.37,-0.25,0.02,-0.03
sl L6 R0G,-0.23,0.14,-0.21,0.43,-0.21,0.04,-0.12
sl L6 L4,-0.31,0.13,-0.16,0.39,-0.14,0.05,-0.09
sl L6 L0R,-0.29,0.19,-0.16,0.36,-0.12,0.02,-0.12
sl L6 R0R,-0.35,0.12,-0.16,0.38,-0.09,0.06,-0.1
sl L6 L3,-0.33,0.16,-0.14,0.34,-0.08,0.04,-0.12
sl L6 L2,-0.34,0.18,-0.13,0.31,-0.05,0.04,-0.12
sl L6 L1,-0.32,0.19,-0.11,0.29,-0.06,0.05,-0.13
sl L6 R1,-0.32,0.19,-0.11,0.29,-0.06,0.05,-0.13
sl L6 R2,-0.31,0.19,-0.12,0.31,-0.08,0.05,-0.14
sl L6 R3,-0.3,0.19,-0.12,0.32,-0.09,0.04,-0.13
sl L6 R4,-0.29,0.2,-0.12,0.32,-0.1,0.03,-0.13
sl L6 R5,-0.28,0.22,-0.13,0.32,-0.11,0.01,-0.13
sl L6 R6,-0.25,0.24,-0.11,0.3,-0.08,-0.02,-0.14
sl L0B L5,-0.27,0.07,-0.19,0.5,-0.2,0.03,-0.13
sl L0B L0G,-0.2,0.2,-0.19,0.4,-0.23,-0.03,-0.05
sl L0B R0G,-0.26,0.15,-0.18,0.46,-0.17,0.01,-0.18
sl L0B L4,-0.34,0.13,-0.14,0.4,-0.12,0.04,-0.1
sl L0B L0R,-0.31,0.19,-0.14,0.36,-0.09,0.01,-0.14
sl L0B R0R,-0.38,0.12,-0.14,0.39,-0.06,0.05,-0.12
sl L0B L3,-0.35,0.16,-0.12,0.34,-0.05,0.02,-0.13
sl L0B L2,-0.35,0.18,-0.11,0.31,-0.03,0.03,-0.13
sl L0B L1,-0.34,0.2,-0.09,0.29,-0.03,0.04,-0.15
sl L0B R1,-0.34,0.2,-0.09,0.29,-0.03,0.04,-0.15
sl L0B R2,-0.33,0.19,-0.1,0.3,-0.05,0.04,-0.16
sl L0B R3,-0.31,0.2,-0.11,0.31,-0.07,0.03,-0.15
sl L0B R4,-0.3,0.21,-0.11,0.31,-0.08,0.02,-0.14
sl L0B R5,-0.29,0.22,-0.11,0.31,-0.08,-0.0,-0.14
sl L0B R6,-0.26,0.24,-0.09,0.3,-0.06,-0.04,-0.16
sl R0B L5,-0.11,0.15,-0.21,0.39,-0.28,-0.04,-0.01
sl R0B L0G,-0.07,0.26,-0.19,0.29,-0.27,-0.08,0.04
sl R0B R0G,-0.15,0.21,-0.2,0.41,-0.23,-0.04,-0.1
sl R0B L4,-0.3,0.15,-0.15,0.37,-0.14,0.02,-0.07
sl R0B L0R,-0.26,0.22,-0.15,0.33,-0.11,-0.01,-0.11
sl R0B R0R,-0.35,0.14,-0.14,0.36,-0.08,0.03,-0.09
sl R0B L3,-0.32,0.18,-0.12,0.32,-0.06,0.01,-0.11
sl R0B L2,-0.33,0.19,-0.11,0.29,-0.04,0.02,-0.11
sl R0B L1,-0.31,0.21,-0.1,0.27,-0.04,0.03,-0.13
sl R0B R1,-0.31,0.21,-0.1,0.27,-0.04,0.03,-0.13
sl R0B R2,-0.3,0.21,-0.1,0.28,-0.06,0.03,-0.14
sl R0B R3,-0.28,0.21,-0.11,0.29,-0.08,0.02,-0.13
sl R0B R4,-0.27,0.23,-0.11,0.29,-0.09,0.01,-0.12
sl R0B R5,-0.26,0.24,-0.11,0.29,-0.09,-0.01,-0.12
sl R0B R6,-0.23,0.26,-0.09,0.28,-0.07,-0.05,-0.14
sl L5 L0G,0.01,0.3,-0.09,0.03,-0.16,-0.11,0.1
sl L5 R0G,-0.17,0.22,-0.1,0.29,-0.07,-0.04,-0.21
sl L5 L4,-0.35,0.14,-0.12,0.34,-0.08,0.04,-0.09
sl L5 L0R,-0.3,0.22,-0.12,0.29,-0.04,-0.0,-0.13
sl L5 R0R,-0.4,0.12,-0.11,0.33,-0.01,0.05,-0.11
sl L5 L3,-0.35,0.18,-0.09,0.29,-0.01,0.02,-0.13
sl L5 L2,-0.36,0.19,-0.09,0.25,0.01,0.03,-0.12
sl L5 L1,-0.34,0.21,-0.07,0.23,0.0,0.04,-0.14
sl L5 R1,-0.34,0.21,-0.07,0.23,0.0,0.04,-0.14
sl L5 R2,-0.32,0.21,-0.08,0.25,-0.02,0.04,-0.15
sl L5 R3,-0.31,0.21,-0.08,0.26,-0.04,0.03,-0.15
sl L5 R4,-0.29,0.23,-0.08,0.26,-0.05,0.02,-0.14
sl L5 R5,-0.28,0.24,-0.08,0.26,-0.05,-0.01,-0.14
sl L5 R6,-0.24,0.27,-0.07,0.24,-0.03,-0.05,-0.16
sl L0G L4,-0.41,0.08,-0.11,0.39,-0.05,0.07,-0.13
sl L0G L0R,-0.35,0.18,-0.11,0.33,-0.01,0.03,-0.18
sl L0G R0R,-0.45,0.07,-0.1,0.36,0.02,0.08,-0.15
sl L0G L3,-0.39,0.15,-0.09,0.31,0.02,0.04,-0.16
sl L0G L2,-0.39,0.16,-0.08,0.27,0.04,0.05,-0.15
sl L0G L1,-0.37,0.19,-0.06,0.24,0.03,0.06,-0.17
sl L0G R1,-0.37,0.19,-0.06,0.24,0.03,0.06,-0.17
sl L0G R2,-0.35,0.18,-0.07,0.26,0.01,0.06,-0.18
sl L0G R3,-0.33,0.19,-0.08,0.28,-0.02,0.05,-0.17
sl L0G R4,-0.32,0.2,-0.08,0.28,-0.03,0.03,-0.16
sl L0G R5,-0.3,0.22,-0.08,0.28,-0.03,0.01,-0.16
sl L0G R6,-0.27,0.25,-0.06,0.25,-0.0,-0.04,-0.19
sl R0G L4,-0.37,0.11,-0.11,0.33,-0.07,0.05,-0.05
sl R0G L0R,-0.31,0.21,-0.11,0.27,-0.03,0.01,-0.1
sl R0G R0R,-0.43,0.09,-0.11,0.32,-0.0,0.07,-0.08
sl R0G L3,-0.37,0.16,-0.09,0.28,-0.0,0.03,-0.11
sl R0G L2,-0.37,0.18,-0.08,0.23,0.02,0.04,-0.11
sl R0G L1,-0.35,0.2,-0.06,0.21,0.02,0.05,-0.13
sl R0G R1,-0.35,0.2,-0.06,0.21,0.02,0.05,-0.13
sl R0G R2,-0.33,0.2,-0.07,0.23,-0.01,0.05,-0.14
sl R0G R3,-0.31,0.2,-0.08,0.25,-0.03,0.04,-0.13
sl R0G R4,-0.3,0.22,-0.08,0.24,-0.04,0.02,-0.12
sl R0G R5,-0.28,0.24,-0.08,0.25,-0.05,-0.0,-0.12
sl R0G R6,-0.25,0.27,-0.06,0.22,-0.02,-0.05,-0.14
sl L4 L0R,0.11,0.49,-0.05,-0.13,0.14,-0.18,-0.27
sl L4 R0R,-0.47,0.01,-0.05,0.19,0.24,0.08,-0.16
sl L4 L3,-0.34,0.24,-0.05,0.18,0.11,-0.0,-0.19
sl L4 L2,-0.34,0.24,-0.04,0.12,0.12,0.02,-0.16
sl L4 L1,-0.3,0.28,0.0,0.07,0.1,0.04,-0.2
sl L4 R1,-0.3,0.28,0.0,0.07,0.1,0.04,-0.2
sl L4 R2,-0.26,0.27,-0.02,0.11,0.06,0.04,-0.22
sl L4 R3,-0.23,0.28,-0.04,0.14,0.01,0.02,-0.2
sl L4 R4,-0.2,0.31,-0.04,0.13,-0.01,-0.01,-0.18
sl L4 R5,-0.17,0.34,-0.04,0.14,-0.02,-0.06,-0.17
sl L4 R6,-0.09,0.37,0.0,0.08,0.04,-0.14,-0.21
sl L0R R0R,-0.54,-0.38,-0.01,0.29,0.12,0.23,0.07
sl L0R L3,-0.44,0.07,-0.04,0.27,0.06,0.07,-0.11
sl L0R L2,-0.41,0.13,-0.03,0.17,0.09,0.08,-0.1
sl L0R L1,-0.37,0.18,0.01,0.12,0.08,0.1,-0.15
sl L0R R1,-0.37,0.18,0.01,0.12,0.08,0.1,-0.15
sl L0R R2,-0.33,0.17,-0.01,0.17,0.02,0.1,-0.17
sl L0R R3,-0.29,0.18,-0.03,0.2,-0.03,0.07,-0.15
sl L0R R4,-0.25,0.21,-0.03,0.19,-0.05,0.04,-0.13
sl L0R R5,-0.22,0.25,-0.03,0.19,-0.06,-0.02,-0.13
sl L0R R6,-0.13,0.29,0.02,0.13,0.0,-0.11,-0.17
sl R0R L3,-0.17,0.31,-0.03,0.13,0.0,-0.06,-0.17
sl R0R L2,-0.24,0.29,-0.03,0.08,0.06,-0.01,-0.14
sl R0R L1,-0.19,0.35,0.02,0.02,0.04,0.02,-0.19
sl R0R R1,-0.19,0.35,0.02,0.02,0.04,0.02,-0.19
sl R0R R2,-0.15,0.34,-0.01,0.07,-0.02,0.02,-0.21
sl R0R R3,-0.11,0.34,-0.03,0.11,-0.07,-0.01,-0.19
sl R0R R4,-0.07,0.37,-0.02,0.1,-0.1,-0.04,-0.16
sl R0R R5,-0.04,0.4,-0.03,0.1,-0.11,-0.1,-0.16
sl R0R R6,0.05,0.43,0.02,0.03,-0.04,-0.19,-0.19
sl L3 L2,-0.3,0.21,-0.01,-0.01,0.13,0.07,-0.07
sl L3 L1,-0.17,0.3,0.08,-0.13,0.07,0.11,-0.16
sl L3 R1,-0.17,0.3,0.08,-0.13,0.07,0.11,-0.16
sl L3 R2,-0.08,0.25,0.03,-0.01,-0.03,0.09,-0.19
sl L3 R3,-0.01,0.26,-0.01,0.05,-0.13,0.05,-0.15
sl L3 R4,0.06,0.31,-0.01,0.03,-0.17,-0.02,-0.11
sl L3 R5,0.11,0.37,-0.01,0.04,-0.18,-0.11,-0.1
sl L3 R6,0.21,0.38,0.06,-0.06,-0.06,-0.24,-0.15
sl L2 L1,0.19,0.25,0.2,-0.26,-0.07,0.11,-0.22
sl L2 R1,0.19,0.25,0.2,-0.26,-0.07,0.11,-0.22
sl L2 R2,0.21,0.13,0.05,-0.01,-0.19,0.06,-0.21
sl L2 R3,0.29,0.14,-0.0,0.08,-0.31,-0.01,-0.15
sl L2 R4,0.35,0.21,0.0,0.04,-0.34,-0.09,-0.08
sl L2 R5,0.38,0.28,-0.0,0.06,-0.33,-0.19,-0.07
sl L2 R6,0.43,0.29,0.08,-0.06,-0.14,-0.31,-0.12
sl L1 R2,0.16,-0.03,-0.11,0.23,-0.22,-0.0,-0.11
sl L1 R3,0.24,0.01,-0.16,0.31,-0.36,-0.09,-0.03
sl L1 R4,0.33,0.11,-0.13,0.23,-0.4,-0.19,0.05
sl L1 R5,0.36,0.2,-0.12,0.22,-0.37,-0.3,0.04
sl L1 R6,0.43,0.24,0.01,0.04,-0.14,-0.41,-0.06
sl R1 R2,0.16,-0.03,-0.11,0.23,-0.22,-0.0,-0.11
sl R1 R3,0.24,0.01,-0.16,0.31,-0.36,-0.09,-0.03
sl R1 R4,0.33,0.11,-0.13,0.23,-0.4,-0.19,0.05
sl R1 R5,0.36,0.2,-0.12,0.22,-0.37,-0.3,0.04
sl R1 R6,0.43,0.24,0.01,0.04,-0.14,-0.41,-0.06
sl R2 R3,0.26,0.06,-0.16,0.28,-0.4,-0.18,0.13
sl R2 R4,0.37,0.21,-0.09,0.12,-0.4,-0.31,0.21
sl R2 R5,0.35,0.28,-0.07,0.11,-0.3,-0.38,0.14
sl R2 R6,0.4,0.28,0.06,-0.07,-0.05,-0.45,-0.01
sl R3 R4,0.33,0.28,0.03,-0.11,-0.21,-0.3,0.21
sl R3 R5,0.29,0.32,0.0,-0.01,-0.16,-0.38,0.11
sl R3 R6,0.36,0.29,0.11,-0.16,0.07,-0.44,-0.05
sl R4 R5,0.2,0.27,-0.02,0.06,-0.08,-0.34,0.0
sl R4 R6,0.34,0.26,0.13,-0.16,0.16,-0.44,-0.13
sl R5 R6,0.32,0.18,0.17,-0.24,0.24,-0.37,-0.16
